{
  "FilterHeaders": [
    {
      "Header": "user-agent",
      "IncludeInScript": false
    },
    {
      "Header": "upgrade-insecure-requests",
      "IncludeInScript": true
    },
    {
      "Header": "sec-fetch-user",
      "IncludeInScript": true
    },
    {
      "Header": "sec-fetch-site",
      "IncludeInScript": true
    },
    {
      "Header": "sec-fetch-mode",
      "IncludeInScript": true
    },
    {
      "Header": "sec-fetch-dest",
      "IncludeInScript": true
    },
    {
      "Header": "sec-ch-ua-platform",
      "IncludeInScript": true
    },
    {
      "Header": "sec-ch-ua-mobile",
      "IncludeInScript": true
    },
    {
      "Header": "sec-ch-ua",
      "IncludeInScript": true
    },
    {
      "Header": "origin",
      "IncludeInScript": true
    },
    {
      "Header": "if-none-match",
      "IncludeInScript": false
    },
    {
      "Header": "if-modified-since",
      "IncludeInScript": false
    },
    {
      "Header": "cache-control",
      "IncludeInScript": false
    },
    {
      "Header": "accept-language",
      "IncludeInScript": false
    },
    {
      "Header": "accept-encoding",
      "IncludeInScript": false
    },
    {
      "Header": "accept",
      "IncludeInScript": false
    }
  ],
  "FilterResources": [
    {
      "IsNonResource": true,
      "type": "text/html"
    },
    {
      "IsNonResource": false,
      "type": "image/png"
    },
    {
      "IsNonResource": false,
      "type": "image/gif"
    }
  ],
  "GeneralInfo": {
    "BrowserVersion": "",
    "IsWinInetMode": false,
    "MaxUsedConnections": 12,
    "RecordedBrowser": "c:\\program files (x86)\\microsoft\\edge\\application\\msedge.exe",
    "RecordingDate": "Р В РЎвЂР РЋР вЂ№Р В Р’В»-03-2024",
    "RecordingDuration": 134172,
    "RecordingMode": "N/A",
    "RecordingTimeStamp": 1719999758,
    "RecordingType": "Application",
    "TotalBytesReceived": 29997,
    "TotalBytesSent": 20677,
    "TotalRequests": 25,
    "UserAgent": "Crashpad/0.8.0 WinHTTP/10.0.19041.4355 Windows_NT/10.0.19041.3636 (x64)"
  },
  "HostInfo": [
    {
      "DomainName": "nelreports.net",
      "Domains": [
        {
          "HTTPVersion": "HTTP/1.1",
          "IP": "2.16.21.18",
          "IncludeInScript": false,
          "Name": "bzib.nelreports.net",
          "Port": 443,
          "Requests": [
            {
              "CompressionType": "gzip",
              "DataType": "text/plain",
              "DownloadTime": 204,
              "EventId": 354,
              "HttpStatus": 200,
              "Size": 137,
              "URL": "https://bzib.nelreports.net/api/report?cat=bingbusiness"
            },
            {
              "CompressionType": "",
              "DataType": "",
              "DownloadTime": 188,
              "EventId": 352,
              "HttpStatus": 200,
              "Size": 0,
              "URL": "https://bzib.nelreports.net/api/report?cat=bingbusiness"
            }
          ],
          "SSLCipher": "TLS_AES_256_GCM_SHA384",
          "SSLVersion": "TLS1.3"
        }
      ],
      "IncludeInScript": true
    },
    {
      "DomainName": "msn.com",
      "Domains": [
        {
          "HTTPVersion": "HTTP/1.1",
          "IP": "204.79.197.203",
          "IncludeInScript": false,
          "Name": "ntp.msn.com",
          "Port": 443,
          "Requests": [
            {
              "CompressionType": "",
              "DataType": "application/javascript",
              "DownloadTime": 78,
              "EventId": 361,
              "HttpStatus": 304,
              "Size": 0,
              "URL": "https://ntp.msn.com/edge/ntp/service-worker.js?bundles=latest&riverAgeMinutes=2880&navAgeMinutes=2880&networkTimeoutSeconds=5&enableNetworkFirst=true&enableEmptySectionRoute=true&enableNavPreload=true&enableFallbackVerticalsFeed=true"
            },
            {
              "CompressionType": "",
              "DataType": "text/html",
              "DownloadTime": 187,
              "EventId": 63,
              "HttpStatus": 200,
              "Size": 59070,
              "URL": "https://ntp.msn.com/edge/ntp?locale=ru&title=%D0%9D%D0%BE%D0%B2%D0%B0%D1%8F%20%D0%B2%D0%BA%D0%BB%D0%B0%D0%B4%D0%BA%D0%B0&dsp=0&sp=%D0%AF%D0%BD%D0%B4%D0%B5%D0%BA%D1%81&startpage=1&PC=U531&prerender=1"
            }
          ],
          "SSLCipher": "TLS_AES_256_GCM_SHA384",
          "SSLVersion": "TLS1.3"
        },
        {
          "HTTPVersion": "HTTP/1.1",
          "IP": "92.123.135.99",
          "IncludeInScript": false,
          "Name": "assets.msn.com",
          "Port": 443,
          "Requests": [
            {
              "CompressionType": "gzip",
              "DataType": "image/x-icon",
              "DownloadTime": 31,
              "EventId": 241,
              "HttpStatus": 200,
              "Size": 0,
              "URL": "https://assets.msn.com/statics/icons/favicon.ico"
            }
          ],
          "SSLCipher": "TLS_AES_256_GCM_SHA384",
          "SSLVersion": "TLS1.3"
        }
      ],
      "IncludeInScript": true
    },
    {
      "DomainName": "microsoft.com",
      "Domains": [
        {
          "HTTPVersion": "HTTP/1.1",
          "IP": "20.42.65.92",
          "IncludeInScript": false,
          "Name": "nw-umwatson.events.data.microsoft.com",
          "Port": 443,
          "Requests": [
            {
              "CompressionType": "",
              "DataType": "text/xml",
              "DownloadTime": 1406,
              "EventId": 13,
              "HttpStatus": 200,
              "Size": 1035,
              "URL": "https://nw-umwatson.events.data.microsoft.com/Telemetry.Request"
            }
          ],
          "SSLCipher": "TLS_AES_256_GCM_SHA384",
          "SSLVersion": "TLS1.3"
        },
        {
          "HTTPVersion": "HTTP/1.1",
          "IP": "2.21.189.164",
          "IncludeInScript": false,
          "Name": "go.microsoft.com",
          "Port": 443,
          "Requests": [
            {
              "CompressionType": "",
              "DataType": "",
              "DownloadTime": 31,
              "EventId": 159,
              "HttpStatus": 302,
              "Size": 0,
              "URL": "https://go.microsoft.com/fwlink/?linkid=2133855&bucket=72"
            }
          ],
          "SSLCipher": "TLS_AES_256_GCM_SHA384",
          "SSLVersion": "TLS1.3"
        },
        {
          "HTTPVersion": "HTTP/1.1",
          "IP": "204.79.197.239",
          "IncludeInScript": false,
          "Name": "edge.microsoft.com",
          "Port": 443,
          "Requests": [
            {
              "CompressionType": "",
              "DataType": "application/json",
              "DownloadTime": 63,
              "EventId": 385,
              "HttpStatus": 200,
              "Size": 213,
              "URL": "https://edge.microsoft.com/autofillservice/core/fieldPredictions"
            },
            {
              "CompressionType": "gzip",
              "DataType": "application/json",
              "DownloadTime": 78,
              "EventId": 346,
              "HttpStatus": 200,
              "Size": 180,
              "URL": "https://edge.microsoft.com/componentupdater/api/v1/update"
            },
            {
              "CompressionType": "",
              "DataType": "application/json",
              "DownloadTime": 47,
              "EventId": 344,
              "HttpStatus": 200,
              "Size": 297,
              "URL": "https://edge.microsoft.com/autofillservice/core/page/3693946771987704403/-6826203261018016368"
            },
            {
              "CompressionType": "gzip",
              "DataType": "application/x-protobuf",
              "DownloadTime": 47,
              "EventId": 337,
              "HttpStatus": 200,
              "Size": 49,
              "URL": "https://edge.microsoft.com/extensionrevocation/v1/threatListUpdates:fetch?req=ChcKBm1zZWRnZRINMTI2LjAuMjU5Mi44MRobCAEQCBoNMTcxOTk4ODI5MDA0MCIEIAEgAigEIgIIAQ==&ct=application/x-protobuf&key=d414dd4f9db345fa8003e32adc81b362"
            },
            {
              "CompressionType": "gzip",
              "DataType": "application/json",
              "DownloadTime": 62,
              "EventId": 293,
              "HttpStatus": 200,
              "Size": 180,
              "URL": "https://edge.microsoft.com/componentupdater/api/v1/update"
            },
            {
              "CompressionType": "",
              "DataType": "",
              "DownloadTime": 78,
              "EventId": 269,
              "HttpStatus": 404,
              "Size": 0,
              "URL": "https://edge.microsoft.com/favicon/v1?client=chrome_desktop&nfrp=2&check_seen=true&size=32&min_size=16&max_size=256&fallback_opts=TYPE,SIZE,URL&url=http://localhost:1080/WebTours/home.html&origin=NtpIconSource"
            },
            {
              "CompressionType": "gzip",
              "DataType": "application/json",
              "DownloadTime": 63,
              "EventId": 254,
              "HttpStatus": 200,
              "Size": 179,
              "URL": "https://edge.microsoft.com/componentupdater/api/v1/update"
            },
            {
              "CompressionType": "",
              "DataType": "application/json",
              "DownloadTime": 31,
              "EventId": 185,
              "HttpStatus": 200,
              "Size": 423,
              "URL": "https://edge.microsoft.com/autofillservice/core/page/3693946771987704403/-146237828745445460"
            },
            {
              "CompressionType": "br",
              "DataType": "application/xml",
              "DownloadTime": 47,
              "EventId": 181,
              "HttpStatus": 304,
              "Size": 0,
              "URL": "https://edge.microsoft.com/neededge/v1?bucket=72"
            },
            {
              "CompressionType": "gzip",
              "DataType": "application/json",
              "DownloadTime": 78,
              "EventId": 146,
              "HttpStatus": 200,
              "Size": 1856,
              "URL": "https://edge.microsoft.com/componentupdater/api/v1/update?cup2key=7:jPVdqKj4qTcmjsGxcGdeYbx60C0gcJYGcZrs8NzfEBU&cup2hreq=d3e8bd25e3c48b632637368f7c1fe367a994973f6710841c1644023c7de094c0"
            },
            {
              "CompressionType": "",
              "DataType": "application/json",
              "DownloadTime": 62,
              "EventId": 143,
              "HttpStatus": 200,
              "Size": 172,
              "URL": "https://edge.microsoft.com/serviceexperimentation/v3/?osname=win&channel=stable&osver=10.0.19045&devicefamily=desktop&installdate=1683977595&clientversion=126.0.2592.81&experimentationmode=2&scpguard=0&scpfull=0&scpver=0"
            },
            {
              "CompressionType": "",
              "DataType": "text/xml",
              "DownloadTime": 62,
              "EventId": 57,
              "HttpStatus": 200,
              "Size": 538,
              "URL": "https://edge.microsoft.com/extensionwebstorebase/v1/crx?os=win&arch=x64&os_arch=x86_64&nacl_arch=x86-64&prod=edgecrx&prodchannel=&prodversion=126.0.2592.81&lang=ru&acceptformat=crx3,puff&x=id%3Djmjflgjpcpepeafmmgdpfkogkghcpiha%26v%3D1.2.1%26installedby%3Dother%26uc&x=id%3Dndcileolkflehcjpmjnfbnaibdcgglog%26v%3D6.4.0%26installedby%3Dinternal%26uc"
            },
            {
              "CompressionType": "gzip",
              "DataType": "application/json",
              "DownloadTime": 47,
              "EventId": 55,
              "HttpStatus": 304,
              "Size": 0,
              "URL": "https://edge.microsoft.com/abusiveadblocking/api/v1/blocklist"
            }
          ],
          "SSLCipher": "ECDHE-RSA-AES256-GCM-SHA384",
          "SSLVersion": "TLS1.2"
        },
        {
          "HTTPVersion": "HTTP/1.1",
          "IP": "13.107.6.158",
          "IncludeInScript": false,
          "Name": "edge-http.microsoft.com",
          "Port": 80,
          "Requests": [
            {
              "CompressionType": "",
              "DataType": "",
              "DownloadTime": 109,
              "EventId": 149,
              "HttpStatus": 204,
              "Size": 0,
              "URL": "http://edge-http.microsoft.com/captiveportal/generate_204"
            }
          ],
          "SSLCipher": "None",
          "SSLVersion": "None"
        }
      ],
      "IncludeInScript": true
    },
    {
      "DomainName": "localhost",
      "Domains": [
        {
          "HTTPVersion": "HTTP/1.1",
          "IP": "[::1]",
          "IncludeInScript": true,
          "Name": "localhost",
          "Port": 1080,
          "Requests": [
            {
              "CompressionType": "",
              "DataType": "text/html",
              "DownloadTime": 62,
              "EventId": 383,
              "HttpStatus": 200,
              "Size": 1723,
              "URL": "http://localhost:1080/cgi-bin/nav.pl?in=home"
            },
            {
              "CompressionType": "",
              "DataType": "",
              "DownloadTime": 0,
              "EventId": 381,
              "HttpStatus": 304,
              "Size": 0,
              "URL": "http://localhost:1080/WebTours/home.html"
            },
            {
              "CompressionType": "",
              "DataType": "text/html",
              "DownloadTime": 47,
              "EventId": 363,
              "HttpStatus": 200,
              "Size": 946,
              "URL": "http://localhost:1080/cgi-bin/welcome.pl?signOff=1"
            },
            {
              "CompressionType": "",
              "DataType": "image/gif",
              "DownloadTime": 0,
              "EventId": 335,
              "HttpStatus": 200,
              "Size": 758,
              "URL": "http://localhost:1080/WebTours/images/button_next.gif"
            },
            {
              "CompressionType": "",
              "DataType": "image/gif",
              "DownloadTime": 0,
              "EventId": 328,
              "HttpStatus": 200,
              "Size": 688,
              "URL": "http://localhost:1080/WebTours/images/home.gif"
            },
            {
              "CompressionType": "",
              "DataType": "image/gif",
              "DownloadTime": 47,
              "EventId": 319,
              "HttpStatus": 200,
              "Size": 726,
              "URL": "http://localhost:1080/WebTours/images/in_flights.gif"
            },
            {
              "CompressionType": "",
              "DataType": "text/html",
              "DownloadTime": 94,
              "EventId": 317,
              "HttpStatus": 200,
              "Size": 4506,
              "URL": "http://localhost:1080/cgi-bin/reservations.pl?page=welcome"
            },
            {
              "CompressionType": "",
              "DataType": "text/html",
              "DownloadTime": 63,
              "EventId": 315,
              "HttpStatus": 200,
              "Size": 1742,
              "URL": "http://localhost:1080/cgi-bin/nav.pl?page=menu&in=flights"
            },
            {
              "CompressionType": "",
              "DataType": "text/html",
              "DownloadTime": 62,
              "EventId": 295,
              "HttpStatus": 200,
              "Size": 876,
              "URL": "http://localhost:1080/cgi-bin/welcome.pl?page=search"
            },
            {
              "CompressionType": "",
              "DataType": "image/gif",
              "DownloadTime": 15,
              "EventId": 291,
              "HttpStatus": 200,
              "Size": 751,
              "URL": "http://localhost:1080/WebTours/images/signoff.gif"
            },
            {
              "CompressionType": "",
              "DataType": "image/gif",
              "DownloadTime": 0,
              "EventId": 277,
              "HttpStatus": 200,
              "Size": 688,
              "URL": "http://localhost:1080/WebTours/images/in_home.gif"
            },
            {
              "CompressionType": "",
              "DataType": "text/html",
              "DownloadTime": 79,
              "EventId": 267,
              "HttpStatus": 200,
              "Size": 1177,
              "URL": "http://localhost:1080/cgi-bin/login.pl?intro=true"
            },
            {
              "CompressionType": "",
              "DataType": "image/gif",
              "DownloadTime": 0,
              "EventId": 265,
              "HttpStatus": 200,
              "Size": 733,
              "URL": "http://localhost:1080/WebTours/images/itinerary.gif"
            },
            {
              "CompressionType": "",
              "DataType": "image/gif",
              "DownloadTime": 16,
              "EventId": 263,
              "HttpStatus": 200,
              "Size": 726,
              "URL": "http://localhost:1080/WebTours/images/flights.gif"
            },
            {
              "CompressionType": "",
              "DataType": "text/html",
              "DownloadTime": 47,
              "EventId": 245,
              "HttpStatus": 200,
              "Size": 1742,
              "URL": "http://localhost:1080/cgi-bin/nav.pl?page=menu&in=home"
            },
            {
              "CompressionType": "",
              "DataType": "text/html",
              "DownloadTime": 78,
              "EventId": 208,
              "HttpStatus": 200,
              "Size": 720,
              "URL": "http://localhost:1080/cgi-bin/login.pl"
            },
            {
              "CompressionType": "",
              "DataType": "text/html",
              "DownloadTime": 0,
              "EventId": 171,
              "HttpStatus": 404,
              "Size": 209,
              "URL": "http://localhost:1080/favicon.ico"
            },
            {
              "CompressionType": "",
              "DataType": "image/gif",
              "DownloadTime": 46,
              "EventId": 169,
              "HttpStatus": 200,
              "Size": 679,
              "URL": "http://localhost:1080/WebTours/images/mer_login.gif"
            },
            {
              "CompressionType": "",
              "DataType": "text/html",
              "DownloadTime": 109,
              "EventId": 167,
              "HttpStatus": 200,
              "Size": 1719,
              "URL": "http://localhost:1080/cgi-bin/nav.pl?in=home"
            },
            {
              "CompressionType": "",
              "DataType": "text/html",
              "DownloadTime": 16,
              "EventId": 161,
              "HttpStatus": 200,
              "Size": 1600,
              "URL": "http://localhost:1080/WebTours/home.html"
            },
            {
              "CompressionType": "",
              "DataType": "text/html",
              "DownloadTime": 187,
              "EventId": 157,
              "HttpStatus": 200,
              "Size": 946,
              "URL": "http://localhost:1080/cgi-bin/welcome.pl?signOff=true"
            },
            {
              "CompressionType": "",
              "DataType": "image/png",
              "DownloadTime": 0,
              "EventId": 153,
              "HttpStatus": 200,
              "Size": 4187,
              "URL": "http://localhost:1080/WebTours/images/webtours.png"
            },
            {
              "CompressionType": "",
              "DataType": "image/png",
              "DownloadTime": 15,
              "EventId": 151,
              "HttpStatus": 200,
              "Size": 601,
              "URL": "http://localhost:1080/WebTours/images/hp_logo.png"
            },
            {
              "CompressionType": "",
              "DataType": "text/html",
              "DownloadTime": 15,
              "EventId": 140,
              "HttpStatus": 200,
              "Size": 949,
              "URL": "http://localhost:1080/WebTours/header.html"
            },
            {
              "CompressionType": "",
              "DataType": "text/html",
              "DownloadTime": 31,
              "EventId": 21,
              "HttpStatus": 200,
              "Size": 605,
              "URL": "http://localhost:1080/WebTours/"
            }
          ],
          "SSLCipher": "None",
          "SSLVersion": "None"
        }
      ],
      "IncludeInScript": true
    },
    {
      "DomainName": "bing.com",
      "Domains": [
        {
          "HTTPVersion": "HTTP/1.1",
          "IP": "2.16.56.135",
          "IncludeInScript": false,
          "Name": "www.bing.com",
          "Port": 443,
          "Requests": [
            {
              "CompressionType": "",
              "DataType": "application/json",
              "DownloadTime": 469,
              "EventId": 69,
              "HttpStatus": 200,
              "Size": 854819,
              "URL": "https://www.bing.com/bloomfilterfiles/ExpandedDomainsFilterGlobal.json"
            },
            {
              "CompressionType": "gzip",
              "DataType": "application/json",
              "DownloadTime": 78,
              "EventId": 61,
              "HttpStatus": 200,
              "Size": 28,
              "URL": "https://www.bing.com/api/shopping/v1/user/shoppingsettings"
            },
            {
              "CompressionType": "gzip",
              "DataType": "application/json",
              "DownloadTime": 62,
              "EventId": 24,
              "HttpStatus": 200,
              "Size": 28,
              "URL": "https://www.bing.com/api/shopping/v1/user/shoppingsettings"
            }
          ],
          "SSLCipher": "",
          "SSLVersion": ""
        }
      ],
      "IncludeInScript": true
    }
  ],
  "WebSocket": {
    "IncludeInScript": false,
    "IsScriptIncludeWebSocket": false
  },
  "NumberOfCorrelations": 0
}