{"OutputFileHashSum":"146FA368BD278FF18077AF7FD7A64400E3B4430A653B062BC7E2495B40B52BEE","Converted":true,"OutputModifyDate":"2024-07-05T21:40:56.3338412Z","Metadatas":[{"CategoryName":"VuGen.Replay","Offset":506,"Length":23,"TypeId":1},{"CategoryName":"VuGen.Replay","Offset":632,"Length":51,"TypeId":2},{"CategoryName":"VuGen.Replay","Offset":6333,"Length":110,"TypeId":2},{"CategoryName":"VuGen.Replay","Offset":6443,"Length":58,"TypeId":2},{"CategoryName":"VuGen.Replay","Offset":8717,"Length":116,"TypeId":2},{"CategoryName":"VuGen.Replay","Offset":8833,"Length":60,"TypeId":2},{"CategoryName":"VuGen.Replay","Offset":8975,"Length":76,"TypeId":3},{"CategoryName":"VuGen.Replay","Offset":9190,"Length":98,"TypeId":2},{"CategoryName":"VuGen.Replay","Offset":9288,"Length":75,"TypeId":4},{"CategoryName":"VuGen.Replay","Offset":9363,"Length":133,"TypeId":4},{"CategoryName":"VuGen.Replay","Offset":9519,"Length":21,"TypeId":1}],"MetadataTypes":[{"CategoryName":"VuGen.Replay","MetadataTypeName":"HP.LR.Vugen.Iteration","Id":1},{"CategoryName":"VuGen.Replay","MetadataTypeName":"HP.LR.Vugen.NotifyTransaction","Id":2},{"CategoryName":"VuGen.Replay","MetadataTypeName":"Utt.Debugger.Error","Id":3},{"CategoryName":"VuGen.Replay","MetadataTypeName":"HP.LR.Vugen.NotifyAny","Id":4}]}