[
    {
        "actionName": "Action",
        "steps": [
            {
                "stepId": "STEP1",
                "stepName": "Url: WebTours",
                "infFile": "t1.inf",
                "time": 1720211248000
            },
            {
                "stepId": "STEP2",
                "stepName": "Submit Form: login.pl",
                "infFile": "t2.inf",
                "time": 1720211248319
            },
            {
                "stepId": "STEP3",
                "stepName": "Image: Search Flights Button",
                "infFile": "t3.inf",
                "time": 1720211248574
            },
            {
                "stepId": "STEP4",
                "stepName": "Image: SignOff Button",
                "infFile": "t4.inf",
                "time": 1720211248725
            }
        ],
        "transactions": [
            {
                "transactionName": "login",
                "rawStartTime": 1720211247522,
                "rawEndTime": 1720211248356,
                "thinkTime": 0.0,
                "wastedTime": 0.10292625427246094
            },
            {
                "transactionName": "select_ticket",
                "rawStartTime": 1720211248371,
                "rawEndTime": 1720211248575,
                "thinkTime": 0.0,
                "wastedTime": 0.005857706069946289
            },
            {
                "transactionName": "logout",
                "rawStartTime": 1720211248592,
                "rawEndTime": 1720211248732,
                "thinkTime": 0.0,
                "wastedTime": 0.0040225982666015629
            }
        ]
    }
]