{"OutputFileHashSum":"8C518AD2B29BC6E1CA371B0B6B6C9E45702AFEDE0418E18350CE50E0096CDA50","Converted":true,"OutputModifyDate":"2024-07-03T12:10:58.2554135Z","Metadatas":[],"MetadataTypes":[{"CategoryName":"VuGen.Replay","MetadataTypeName":"HP.LR.Vugen.Iteration","Id":1},{"CategoryName":"VuGen.Replay","MetadataTypeName":"Utt.Debugger.Error","Id":2},{"CategoryName":"VuGen.Replay","MetadataTypeName":"HP.LR.Vugen.NotifyTransaction","Id":3},{"CategoryName":"VuGen.Replay","MetadataTypeName":"Utt.Debugger.Warning","Id":4}]}