[
    {
        "actionName": "Action",
        "steps": [
            {
                "stepId": "STEP1",
                "stepName": "Url: WebTours",
                "infFile": "t1.inf",
                "time": 1720214461027
            },
            {
                "stepId": "STEP2",
                "stepName": "Submit Form: login.pl",
                "infFile": "t2.inf",
                "time": 1720214461350
            },
            {
                "stepId": "STEP3",
                "stepName": "Image: Search Flights Button",
                "infFile": "t3.inf",
                "time": 1720214461601
            },
            {
                "stepId": "STEP4",
                "stepName": "Submit Form: reservations.pl",
                "infFile": "t4.inf",
                "time": 1720214461708
            }
        ],
        "transactions": [
            {
                "transactionName": "login",
                "rawStartTime": 1720214460585,
                "rawEndTime": 1720214461387,
                "thinkTime": 0.0,
                "wastedTime": 0.11195731163024903
            },
            {
                "transactionName": "fing_flight",
                "rawStartTime": 1720214461402,
                "rawEndTime": 1720214461714,
                "thinkTime": 0.0,
                "wastedTime": 0.009203672409057618
            },
            {
                "transactionName": "select_ticket",
                "rawStartTime": 1720214461729,
                "rawEndTime": 1720214461750,
                "thinkTime": 0.0,
                "wastedTime": 0.0
            }
        ]
    }
]