﻿<DataObject comparison="Ordinal">
  <Section id="">
    <Subsections>
      <Section id="General">
        <Subsections />
        <Entries>
          <Entry key="ElapsedTime">
            <double>1.5357066</double>
          </Entry>
          <Entry key="StartedAt">
            <dateTime>2024-07-06T00:21:00.2390344+03:00</dateTime>
          </Entry>
          <Entry key="EndedAt">
            <dateTime>2024-07-06T00:21:01.774741+03:00</dateTime>
          </Entry>
          <Entry key="ReplayStatus">
            <LastReplayRunStatus>Failed</LastReplayRunStatus>
          </Entry>
          <Entry key="NumberOfReplayErrors">
            <int>1</int>
          </Entry>
          <Entry key="NumberOfReplayCriticalErrors">
            <int>1</int>
          </Entry>
          <Entry key="NumberOfCompilationErrors">
            <int>0</int>
          </Entry>
        </Entries>
      </Section>
    </Subsections>
    <Entries>
      <Entry key="Iterations">
        <int>1</int>
      </Entry>
    </Entries>
  </Section>
</DataObject>