{
  "FilterHeaders": [
    {
      "Header": "user-agent",
      "IncludeInScript": false
    },
    {
      "Header": "upgrade-insecure-requests",
      "IncludeInScript": true
    },
    {
      "Header": "sec-fetch-user",
      "IncludeInScript": true
    },
    {
      "Header": "sec-fetch-site",
      "IncludeInScript": true
    },
    {
      "Header": "sec-fetch-mode",
      "IncludeInScript": true
    },
    {
      "Header": "sec-fetch-dest",
      "IncludeInScript": true
    },
    {
      "Header": "sec-ch-ua-platform",
      "IncludeInScript": true
    },
    {
      "Header": "sec-ch-ua-mobile",
      "IncludeInScript": true
    },
    {
      "Header": "sec-ch-ua",
      "IncludeInScript": true
    },
    {
      "Header": "origin",
      "IncludeInScript": true
    },
    {
      "Header": "if-none-match",
      "IncludeInScript": false
    },
    {
      "Header": "if-modified-since",
      "IncludeInScript": false
    },
    {
      "Header": "cache-control",
      "IncludeInScript": false
    },
    {
      "Header": "accept-language",
      "IncludeInScript": false
    },
    {
      "Header": "accept-encoding",
      "IncludeInScript": false
    },
    {
      "Header": "accept",
      "IncludeInScript": false
    }
  ],
  "FilterResources": [
    {
      "IsNonResource": true,
      "type": "text/html"
    },
    {
      "IsNonResource": false,
      "type": "image/png"
    },
    {
      "IsNonResource": false,
      "type": "image/gif"
    }
  ],
  "GeneralInfo": {
    "BrowserVersion": "",
    "IsWinInetMode": false,
    "MaxUsedConnections": 18,
    "RecordedBrowser": "c:\\program files (x86)\\microsoft\\edge\\application\\msedge.exe",
    "RecordingDate": "Р В РЎвЂР РЋР вЂ№Р В Р’В»-05-2024",
    "RecordingDuration": 228750,
    "RecordingMode": "N/A",
    "RecordingTimeStamp": 1720212453,
    "RecordingType": "Application",
    "TotalBytesReceived": 39168,
    "TotalBytesSent": 25159,
    "TotalRequests": 29,
    "UserAgent": "Crashpad/0.8.0 WinHTTP/10.0.19041.4355 Windows_NT/10.0.19041.3636 (x64)"
  },
  "HostInfo": [
    {
      "DomainName": "nelreports.net",
      "Domains": [
        {
          "HTTPVersion": "HTTP/1.1",
          "IP": "2.16.21.9",
          "IncludeInScript": false,
          "Name": "bzib.nelreports.net",
          "Port": 443,
          "Requests": [
            {
              "CompressionType": "gzip",
              "DataType": "text/plain",
              "DownloadTime": 219,
              "EventId": 341,
              "HttpStatus": 200,
              "Size": 137,
              "URL": "https://bzib.nelreports.net/api/report?cat=bingbusiness"
            },
            {
              "CompressionType": "",
              "DataType": "",
              "DownloadTime": 203,
              "EventId": 339,
              "HttpStatus": 200,
              "Size": 0,
              "URL": "https://bzib.nelreports.net/api/report?cat=bingbusiness"
            }
          ],
          "SSLCipher": "TLS_AES_256_GCM_SHA384",
          "SSLVersion": "TLS1.3"
        }
      ],
      "IncludeInScript": true
    },
    {
      "DomainName": "msn.com",
      "Domains": [
        {
          "HTTPVersion": "HTTP/1.1",
          "IP": "204.79.197.203",
          "IncludeInScript": false,
          "Name": "ntp.msn.com",
          "Port": 443,
          "Requests": [
            {
              "CompressionType": "",
              "DataType": "application/javascript",
              "DownloadTime": 62,
              "EventId": 266,
              "HttpStatus": 304,
              "Size": 0,
              "URL": "https://ntp.msn.com/edge/ntp/service-worker.js?bundles=latest&riverAgeMinutes=2880&navAgeMinutes=2880&networkTimeoutSeconds=5&enableNetworkFirst=true&enableEmptySectionRoute=true&enableNavPreload=true&enableFallbackVerticalsFeed=true"
            },
            {
              "CompressionType": "br",
              "DataType": "application/json",
              "DownloadTime": 266,
              "EventId": 240,
              "HttpStatus": 200,
              "Size": 136047,
              "URL": "https://ntp.msn.com/resolver/api/resolve/v3/config/?expType=AppConfig&expInstance=default&apptype=edgeChromium&v=20240705.135&targetScope={%22audienceMode%22:%22adult%22,%22browser%22:{%22browserType%22:%22edgeChromium%22,%22version%22:%22126%22,%22ismobile%22:%22false%22},%22deviceFormFactor%22:%22desktop%22,%22domain%22:%22ntp.msn.com%22,%22locale%22:{%22content%22:{%22language%22:%22ru%22,%22market%22:%22ru%22},%22display%22:{%22language%22:%22ru%22,%22market%22:%22ru%22}},%22os%22:%22windows%22,%22platform%22:%22web%22,%22pageType%22:%22dhp%22,%22pageExperiments%22:[%22prg-1s-twid%22,%22prg-1s-workid%22,%22prg-1sw-artf1%22,%22prg-1sw-artrcnr%22,%22prg-1sw-c-rivddr%22,%22prg-1sw-cgofett%22,%22prg-1sw-deferp%22,%22prg-1sw-ecpromo%22,%22prg-1sw-evtbn-p2%22,%22prg-1sw-evtp2t1%22,%22prg-1sw-finvldc%22,%22prg-1sw-haltmmcall%22,%22prg-1sw-header-event%22,%22prg-1sw-iplsdc-ntp%22,%22prg-1sw-iplsdc1p2%22,%22prg-1sw-iplsdcp1%22,%22prg-1sw-lkssumnew%22,%22prg-1sw-logbat-c%22,%22prg-1sw-mebc72%22,%22prg-1sw-ml1flipper%22,%22prg-1sw-mtr-en%22,%22prg-1sw-nommcall%22,%22prg-1sw-ol-freenp1%22,%22prg-1sw-ol-kmp1-t%22,%22prg-1sw-olymp4mark%22,%22prg-1sw-olymtrigr%22,%22prg-1sw-p1wtrclm%22,%22prg-1sw-p2mebc71%22,%22prg-1sw-rcux2%22,%22prg-1sw-rr2fn%22,%22prg-1sw-rr2fp%22,%22prg-1sw-sa-l4-ru%22,%22prg-1sw-sa-uiev3at1%22,%22prg-1sw-sawpol4p2t%22,%22prg-1sw-shvdspgl-p1%22,%22prg-1sw-slvh-p1%22,%22prg-1sw-socc-ntp%22,%22prg-1sw-socc-p1%22,%22prg-1sw-socc-p2%22,%22prg-1sw-spdptcf%22,%22prg-1sw-spindr2%22,%22prg-1sw-sptnusc%22,%22prg-1sw-tbctrl%22,%22prg-1sw-uclam%22,%22prg-1sw-wxapiv2%22,%22prg-1sw-wxapiv2all%22,%22prg-1sw-wxbgsmrc%22,%22prg-1sw-wxcfinst%22,%22prg-1sw-wxeapiv2%22,%22prg-1sw-zhcnalt2%22,%22prg-ad-abd%22,%22prg-ad-dismemo%22,%22prg-ad-dspcombo%22,%22prg-ad-dsprfshoptm%22,%22prg-ad-safe%22,%22prg-adspeek%22,%22prg-arb-ads-dl%22,%22prg-auto-csc1%22,%22prg-bkgdgthm%22,%22prg-bkgdgthm-t2%22,%22prg-cg-ad-ref-if-2%22,%22prg-cg-dom-clean%22,%22prg-cg-int-ad-pod%22,%22prg-cg-search-api-c%22,%22prg-cg-seclarity%22,%22prg-cg-signin-t2%22,%22prg-customizefeed%22,%22prg-game-opc%22,%22prg-game-twnb%22,%22prg-game-ux-cc%22,%22prg-nav-nemt%22,%22prg-nav-nemt4%22,%22prg-neutralsdcards%22,%22prg-noiris%22,%22prg-ntp-pr-fdref6h%22,%22prg-ntpfeedref360%22,%22prg-p2-wxinst%22,%22prg-pcs-cghp-ctrl%22,%22prg-pr2-bdl-all%22,%22prg-pr2-bdl-mny%22,%22prg-pr2-bdl-spt%22,%22prg-pr2-pagecontext%22,%22prg-pr2-respsection-c%22,%22prg-pr2-shoreline%22,%22prg-pr2-sidebar%22,%22prg-pr2-sidebar-ads3-t%22,%22prg-pr2-widget-tab%22,%22prg-premier-ntp-t5%22,%22prg-prm-t18a%22,%22prg-pw-respcard2c%22,%22prg-river-wcks3%22,%22prg-rm-thm-sec%22,%22prg-rpt2%22,%22prg-rvr-ads-dl%22,%22prg-sh-artfltd%22,%22prg-sh-bd-newchckot%22,%22prg-sh-bd-nwchk%22,%22prg-sh-bd-video%22,%22prg-sh-edgrec%22,%22prg-sh-recopdp%22,%22prg-sh-rmitmlnk-c%22,%22prg-shopping-api%22,%22prg-sp-cfpickwinner%22,%22prg-sp-euro24%22,%22prg-sp-liveapi%22,%22prg-sp-nba24%22,%22prg-sp-nhl24%22,%22prg-titlemapping-c%22,%22prg-upsaip-r-t%22,%22prg-upsaip-w1-t%22,%22prg-whp-ml1flipper%22,%22prg-wpo-clckcrvscrl2%22,%22prg-wpo-xtr-rgs2%22,%22prg-wx-ctappv2%22,%22prg-wx-cthp20%22,%22prg-wx-dhgrd%22,%22prg-wx-ncal%22,%22prg-wx-survey%22,%22prg-wx-wxhurac%22]}"
            },
            {
              "CompressionType": "",
              "DataType": "text/html",
              "DownloadTime": 188,
              "EventId": 58,
              "HttpStatus": 200,
              "Size": 59149,
              "URL": "https://ntp.msn.com/edge/ntp?locale=ru&title=%D0%9D%D0%BE%D0%B2%D0%B0%D1%8F%20%D0%B2%D0%BA%D0%BB%D0%B0%D0%B4%D0%BA%D0%B0&dsp=0&sp=%D0%AF%D0%BD%D0%B4%D0%B5%D0%BA%D1%81&startpage=1&PC=U531&prerender=1"
            }
          ],
          "SSLCipher": "TLS_AES_256_GCM_SHA384",
          "SSLVersion": "TLS1.3"
        },
        {
          "HTTPVersion": "HTTP/1.1",
          "IP": "92.123.135.79",
          "IncludeInScript": false,
          "Name": "assets.msn.com",
          "Port": 443,
          "Requests": [
            {
              "CompressionType": "gzip",
              "DataType": "image/x-icon",
              "DownloadTime": 31,
              "EventId": 249,
              "HttpStatus": 200,
              "Size": 0,
              "URL": "https://assets.msn.com/statics/icons/favicon.ico"
            }
          ],
          "SSLCipher": "TLS_AES_256_GCM_SHA384",
          "SSLVersion": "TLS1.3"
        }
      ],
      "IncludeInScript": true
    },
    {
      "DomainName": "microsoft.com",
      "Domains": [
        {
          "HTTPVersion": "HTTP/1.1",
          "IP": "20.42.65.92",
          "IncludeInScript": false,
          "Name": "nw-umwatson.events.data.microsoft.com",
          "Port": 443,
          "Requests": [
            {
              "CompressionType": "",
              "DataType": "text/xml",
              "DownloadTime": 172,
              "EventId": 13,
              "HttpStatus": 200,
              "Size": 634,
              "URL": "https://nw-umwatson.events.data.microsoft.com/Telemetry.Request"
            }
          ],
          "SSLCipher": "TLS_AES_256_GCM_SHA384",
          "SSLVersion": "TLS1.3"
        },
        {
          "HTTPVersion": "HTTP/1.1",
          "IP": "217.20.57.26",
          "IncludeInScript": false,
          "Name": "msedge.b.tlu.dl.delivery.mp.microsoft.com",
          "Port": 80,
          "Requests": [
            {
              "CompressionType": "",
              "DataType": "",
              "DownloadTime": 78,
              "EventId": 226,
              "HttpStatus": 400,
              "Size": 194,
              "URL": "http://msedge.b.tlu.dl.delivery.mp.microsoft.com/filestreamingservice/files/3f8f52e8-0b84-4d30-9e28-4f0e162af047?P1=1720770376&P2=404&P3=2&P4=BUhQn4l%2bnEA7R7HW8AuVHtAG4JTMTfjhRuoOjAqFf%2fGiPltIyImTdPXLDjXNX6HMn2I32i64WR0I3br0ZWzYcQ%3d%3d"
            }
          ],
          "SSLCipher": "None",
          "SSLVersion": "None"
        },
        {
          "HTTPVersion": "HTTP/1.1",
          "IP": "2.21.189.164",
          "IncludeInScript": false,
          "Name": "go.microsoft.com",
          "Port": 443,
          "Requests": [
            {
              "CompressionType": "",
              "DataType": "",
              "DownloadTime": 16,
              "EventId": 176,
              "HttpStatus": 302,
              "Size": 0,
              "URL": "https://go.microsoft.com/fwlink/?linkid=2133855&bucket=72"
            }
          ],
          "SSLCipher": "TLS_AES_256_GCM_SHA384",
          "SSLVersion": "TLS1.3"
        },
        {
          "HTTPVersion": "HTTP/1.1",
          "IP": "204.79.197.239",
          "IncludeInScript": false,
          "Name": "edge.microsoft.com",
          "Port": 443,
          "Requests": [
            {
              "CompressionType": "",
              "DataType": "application/json",
              "DownloadTime": 78,
              "EventId": 465,
              "HttpStatus": 200,
              "Size": 213,
              "URL": "https://edge.microsoft.com/autofillservice/core/fieldPredictions"
            },
            {
              "CompressionType": "gzip",
              "DataType": "application/x-protobuf",
              "DownloadTime": 47,
              "EventId": 426,
              "HttpStatus": 200,
              "Size": 49,
              "URL": "https://edge.microsoft.com/extensionrevocation/v1/threatListUpdates:fetch?req=ChcKBm1zZWRnZRINMTI2LjAuMjU5Mi44NxobCAEQCBoNMTcyMDE4NDAxMjk0MyIEIAEgAigEIgIIAQ==&ct=application/x-protobuf&key=d414dd4f9db345fa8003e32adc81b362"
            },
            {
              "CompressionType": "",
              "DataType": "application/json",
              "DownloadTime": 47,
              "EventId": 416,
              "HttpStatus": 200,
              "Size": 264,
              "URL": "https://edge.microsoft.com/entityextractiontemplates/api/v1/assets/find-assets?name=addressbar_uu_files.global&version=1.*.*&channel=stable&key=d414dd4f9db345fa8003e32adc81b362"
            },
            {
              "CompressionType": "",
              "DataType": "application/json",
              "DownloadTime": 78,
              "EventId": 410,
              "HttpStatus": 200,
              "Size": 885,
              "URL": "https://edge.microsoft.com/autofillservice/core/page/3693946771987704403/-7879512154294616926"
            },
            {
              "CompressionType": "",
              "DataType": "application/json",
              "DownloadTime": 63,
              "EventId": 392,
              "HttpStatus": 200,
              "Size": 297,
              "URL": "https://edge.microsoft.com/autofillservice/core/page/3693946771987704403/-6826203261018016368"
            },
            {
              "CompressionType": "gzip",
              "DataType": "application/json",
              "DownloadTime": 62,
              "EventId": 331,
              "HttpStatus": 200,
              "Size": 180,
              "URL": "https://edge.microsoft.com/componentupdater/api/v1/update"
            },
            {
              "CompressionType": "gzip",
              "DataType": "application/json",
              "DownloadTime": 78,
              "EventId": 304,
              "HttpStatus": 200,
              "Size": 181,
              "URL": "https://edge.microsoft.com/componentupdater/api/v1/update"
            },
            {
              "CompressionType": "",
              "DataType": "",
              "DownloadTime": 78,
              "EventId": 263,
              "HttpStatus": 404,
              "Size": 0,
              "URL": "https://edge.microsoft.com/favicon/v1?client=chrome_desktop&nfrp=2&check_seen=true&size=32&min_size=16&max_size=256&fallback_opts=TYPE,SIZE,URL&url=http://localhost:1080/WebTours/home.html&origin=NtpIconSource"
            },
            {
              "CompressionType": "",
              "DataType": "application/json",
              "DownloadTime": 78,
              "EventId": 261,
              "HttpStatus": 200,
              "Size": 213,
              "URL": "https://edge.microsoft.com/autofillservice/core/fieldPredictions"
            },
            {
              "CompressionType": "gzip",
              "DataType": "application/json",
              "DownloadTime": 78,
              "EventId": 236,
              "HttpStatus": 200,
              "Size": 179,
              "URL": "https://edge.microsoft.com/componentupdater/api/v1/update"
            },
            {
              "CompressionType": "",
              "DataType": "application/json",
              "DownloadTime": 47,
              "EventId": 233,
              "HttpStatus": 200,
              "Size": 423,
              "URL": "https://edge.microsoft.com/autofillservice/core/page/3693946771987704403/-146237828745445460"
            },
            {
              "CompressionType": "br",
              "DataType": "application/xml",
              "DownloadTime": 47,
              "EventId": 198,
              "HttpStatus": 304,
              "Size": 0,
              "URL": "https://edge.microsoft.com/neededge/v1?bucket=72"
            },
            {
              "CompressionType": "gzip",
              "DataType": "application/json",
              "DownloadTime": 78,
              "EventId": 163,
              "HttpStatus": 200,
              "Size": 1858,
              "URL": "https://edge.microsoft.com/componentupdater/api/v1/update?cup2key=7:L7eJTC-pRN5qcNpzEL8cOZTlHkk2DmLmZAlNJGtIhXc&cup2hreq=d506d87fdc241e1549cdced5caa82d78afbcd97b6c8b96977984c48483eba8e6"
            },
            {
              "CompressionType": "",
              "DataType": "application/json",
              "DownloadTime": 63,
              "EventId": 133,
              "HttpStatus": 200,
              "Size": 172,
              "URL": "https://edge.microsoft.com/serviceexperimentation/v3/?osname=win&channel=stable&osver=10.0.19045&devicefamily=desktop&installdate=1683977595&clientversion=126.0.2592.87&experimentationmode=2&scpguard=0&scpfull=0&scpver=0"
            },
            {
              "CompressionType": "",
              "DataType": "text/xml",
              "DownloadTime": 63,
              "EventId": 52,
              "HttpStatus": 200,
              "Size": 538,
              "URL": "https://edge.microsoft.com/extensionwebstorebase/v1/crx?os=win&arch=x64&os_arch=x86_64&nacl_arch=x86-64&prod=edgecrx&prodchannel=&prodversion=126.0.2592.87&lang=ru&acceptformat=crx3,puff&x=id%3Djmjflgjpcpepeafmmgdpfkogkghcpiha%26v%3D1.2.1%26installedby%3Dother%26uc&x=id%3Dndcileolkflehcjpmjnfbnaibdcgglog%26v%3D6.4.0%26installedby%3Dinternal%26uc"
            },
            {
              "CompressionType": "gzip",
              "DataType": "application/json",
              "DownloadTime": 47,
              "EventId": 50,
              "HttpStatus": 304,
              "Size": 0,
              "URL": "https://edge.microsoft.com/abusiveadblocking/api/v1/blocklist"
            }
          ],
          "SSLCipher": "ECDHE-RSA-AES256-GCM-SHA384",
          "SSLVersion": "TLS1.2"
        },
        {
          "HTTPVersion": "HTTP/1.1",
          "IP": "13.107.6.158",
          "IncludeInScript": false,
          "Name": "edge-http.microsoft.com",
          "Port": 80,
          "Requests": [
            {
              "CompressionType": "",
              "DataType": "",
              "DownloadTime": 78,
              "EventId": 155,
              "HttpStatus": 204,
              "Size": 0,
              "URL": "http://edge-http.microsoft.com/captiveportal/generate_204"
            }
          ],
          "SSLCipher": "None",
          "SSLVersion": "None"
        }
      ],
      "IncludeInScript": true
    },
    {
      "DomainName": "localhost",
      "Domains": [
        {
          "HTTPVersion": "HTTP/1.1",
          "IP": "[::1]",
          "IncludeInScript": true,
          "Name": "localhost",
          "Port": 1080,
          "Requests": [
            {
              "CompressionType": "",
              "DataType": "",
              "DownloadTime": 0,
              "EventId": 469,
              "HttpStatus": 304,
              "Size": 0,
              "URL": "http://localhost:1080/WebTours/home.html"
            },
            {
              "CompressionType": "",
              "DataType": "text/html",
              "DownloadTime": 63,
              "EventId": 462,
              "HttpStatus": 200,
              "Size": 1723,
              "URL": "http://localhost:1080/cgi-bin/nav.pl?in=home"
            },
            {
              "CompressionType": "",
              "DataType": "text/html",
              "DownloadTime": 63,
              "EventId": 442,
              "HttpStatus": 200,
              "Size": 946,
              "URL": "http://localhost:1080/cgi-bin/welcome.pl?signOff=1"
            },
            {
              "CompressionType": "",
              "DataType": "image/gif",
              "DownloadTime": 47,
              "EventId": 437,
              "HttpStatus": 200,
              "Size": 806,
              "URL": "http://localhost:1080/WebTours/images/bookanother.gif"
            },
            {
              "CompressionType": "",
              "DataType": "text/html",
              "DownloadTime": 78,
              "EventId": 429,
              "HttpStatus": 200,
              "Size": 2715,
              "URL": "http://localhost:1080/cgi-bin/reservations.pl"
            },
            {
              "CompressionType": "",
              "DataType": "text/html",
              "DownloadTime": 78,
              "EventId": 402,
              "HttpStatus": 200,
              "Size": 2956,
              "URL": "http://localhost:1080/cgi-bin/reservations.pl"
            },
            {
              "CompressionType": "",
              "DataType": "text/html",
              "DownloadTime": 78,
              "EventId": 394,
              "HttpStatus": 200,
              "Size": 2686,
              "URL": "http://localhost:1080/cgi-bin/reservations.pl"
            },
            {
              "CompressionType": "",
              "DataType": "image/gif",
              "DownloadTime": 47,
              "EventId": 382,
              "HttpStatus": 200,
              "Size": 758,
              "URL": "http://localhost:1080/WebTours/images/button_next.gif"
            },
            {
              "CompressionType": "",
              "DataType": "text/html",
              "DownloadTime": 110,
              "EventId": 380,
              "HttpStatus": 200,
              "Size": 4506,
              "URL": "http://localhost:1080/cgi-bin/reservations.pl?page=welcome"
            },
            {
              "CompressionType": "",
              "DataType": "image/gif",
              "DownloadTime": 16,
              "EventId": 378,
              "HttpStatus": 200,
              "Size": 688,
              "URL": "http://localhost:1080/WebTours/images/home.gif"
            },
            {
              "CompressionType": "",
              "DataType": "image/gif",
              "DownloadTime": 31,
              "EventId": 376,
              "HttpStatus": 200,
              "Size": 726,
              "URL": "http://localhost:1080/WebTours/images/in_flights.gif"
            },
            {
              "CompressionType": "",
              "DataType": "text/html",
              "DownloadTime": 62,
              "EventId": 366,
              "HttpStatus": 200,
              "Size": 1742,
              "URL": "http://localhost:1080/cgi-bin/nav.pl?page=menu&in=flights"
            },
            {
              "CompressionType": "",
              "DataType": "text/html",
              "DownloadTime": 62,
              "EventId": 346,
              "HttpStatus": 200,
              "Size": 876,
              "URL": "http://localhost:1080/cgi-bin/welcome.pl?page=search"
            },
            {
              "CompressionType": "",
              "DataType": "image/gif",
              "DownloadTime": 32,
              "EventId": 329,
              "HttpStatus": 200,
              "Size": 751,
              "URL": "http://localhost:1080/WebTours/images/signoff.gif"
            },
            {
              "CompressionType": "",
              "DataType": "image/gif",
              "DownloadTime": 0,
              "EventId": 327,
              "HttpStatus": 200,
              "Size": 688,
              "URL": "http://localhost:1080/WebTours/images/in_home.gif"
            },
            {
              "CompressionType": "",
              "DataType": "text/html",
              "DownloadTime": 94,
              "EventId": 317,
              "HttpStatus": 200,
              "Size": 1177,
              "URL": "http://localhost:1080/cgi-bin/login.pl?intro=true"
            },
            {
              "CompressionType": "",
              "DataType": "image/gif",
              "DownloadTime": 0,
              "EventId": 315,
              "HttpStatus": 200,
              "Size": 733,
              "URL": "http://localhost:1080/WebTours/images/itinerary.gif"
            },
            {
              "CompressionType": "",
              "DataType": "image/gif",
              "DownloadTime": 0,
              "EventId": 313,
              "HttpStatus": 200,
              "Size": 726,
              "URL": "http://localhost:1080/WebTours/images/flights.gif"
            },
            {
              "CompressionType": "",
              "DataType": "text/html",
              "DownloadTime": 46,
              "EventId": 301,
              "HttpStatus": 200,
              "Size": 1742,
              "URL": "http://localhost:1080/cgi-bin/nav.pl?page=menu&in=home"
            },
            {
              "CompressionType": "",
              "DataType": "text/html",
              "DownloadTime": 78,
              "EventId": 283,
              "HttpStatus": 200,
              "Size": 720,
              "URL": "http://localhost:1080/cgi-bin/login.pl"
            },
            {
              "CompressionType": "",
              "DataType": "text/html",
              "DownloadTime": 16,
              "EventId": 187,
              "HttpStatus": 404,
              "Size": 209,
              "URL": "http://localhost:1080/favicon.ico"
            },
            {
              "CompressionType": "",
              "DataType": "image/gif",
              "DownloadTime": 15,
              "EventId": 183,
              "HttpStatus": 200,
              "Size": 679,
              "URL": "http://localhost:1080/WebTours/images/mer_login.gif"
            },
            {
              "CompressionType": "",
              "DataType": "text/html",
              "DownloadTime": 32,
              "EventId": 174,
              "HttpStatus": 200,
              "Size": 1600,
              "URL": "http://localhost:1080/WebTours/home.html"
            },
            {
              "CompressionType": "",
              "DataType": "text/html",
              "DownloadTime": 62,
              "EventId": 159,
              "HttpStatus": 200,
              "Size": 1727,
              "URL": "http://localhost:1080/cgi-bin/nav.pl?in=home"
            },
            {
              "CompressionType": "",
              "DataType": "image/png",
              "DownloadTime": 15,
              "EventId": 148,
              "HttpStatus": 200,
              "Size": 4187,
              "URL": "http://localhost:1080/WebTours/images/webtours.png"
            },
            {
              "CompressionType": "",
              "DataType": "text/html",
              "DownloadTime": 188,
              "EventId": 135,
              "HttpStatus": 200,
              "Size": 946,
              "URL": "http://localhost:1080/cgi-bin/welcome.pl?signOff=true"
            },
            {
              "CompressionType": "",
              "DataType": "image/png",
              "DownloadTime": 16,
              "EventId": 131,
              "HttpStatus": 200,
              "Size": 601,
              "URL": "http://localhost:1080/WebTours/images/hp_logo.png"
            },
            {
              "CompressionType": "",
              "DataType": "text/html",
              "DownloadTime": 16,
              "EventId": 129,
              "HttpStatus": 200,
              "Size": 949,
              "URL": "http://localhost:1080/WebTours/header.html"
            },
            {
              "CompressionType": "",
              "DataType": "text/html",
              "DownloadTime": 15,
              "EventId": 15,
              "HttpStatus": 200,
              "Size": 605,
              "URL": "http://localhost:1080/WebTours/"
            }
          ],
          "SSLCipher": "None",
          "SSLVersion": "None"
        }
      ],
      "IncludeInScript": true
    },
    {
      "DomainName": "bing.com",
      "Domains": [
        {
          "HTTPVersion": "HTTP/1.1",
          "IP": "2.16.56.152",
          "IncludeInScript": false,
          "Name": "www.bing.com",
          "Port": 443,
          "Requests": [
            {
              "CompressionType": "",
              "DataType": "application/json",
              "DownloadTime": 360,
              "EventId": 64,
              "HttpStatus": 200,
              "Size": 854819,
              "URL": "https://www.bing.com/bloomfilterfiles/ExpandedDomainsFilterGlobal.json"
            },
            {
              "CompressionType": "gzip",
              "DataType": "application/json",
              "DownloadTime": 79,
              "EventId": 54,
              "HttpStatus": 200,
              "Size": 28,
              "URL": "https://www.bing.com/api/shopping/v1/user/shoppingsettings"
            },
            {
              "CompressionType": "gzip",
              "DataType": "application/json",
              "DownloadTime": 78,
              "EventId": 36,
              "HttpStatus": 200,
              "Size": 28,
              "URL": "https://www.bing.com/api/shopping/v1/user/shoppingsettings"
            }
          ],
          "SSLCipher": "TLS_AES_256_GCM_SHA384",
          "SSLVersion": "TLS1.3"
        },
        {
          "HTTPVersion": "HTTP/1.1",
          "IP": "13.107.6.158",
          "IncludeInScript": false,
          "Name": "business.bing.com",
          "Port": 443,
          "Requests": [
            {
              "CompressionType": "",
              "DataType": "",
              "DownloadTime": 94,
              "EventId": 279,
              "HttpStatus": 401,
              "Size": 0,
              "URL": "https://business.bing.com/api/v1/user/token/microsoftgraph?&clienttype=edge-omnibox"
            },
            {
              "CompressionType": "br",
              "DataType": "application/json",
              "DownloadTime": 94,
              "EventId": 275,
              "HttpStatus": 401,
              "Size": 382,
              "URL": "https://business.bing.com/work/api/v2/tenant/my/settingswithflights?&clienttype=edge-omnibox"
            }
          ],
          "SSLCipher": "TLS_AES_256_GCM_SHA384",
          "SSLVersion": "TLS1.3"
        }
      ],
      "IncludeInScript": true
    }
  ],
  "WebSocket": {
    "IncludeInScript": false,
    "IsScriptIncludeWebSocket": false
  },
  "NumberOfCorrelations": 4
}