{"OutputFileHashSum":"7512EA6EDB8BECF449BE8B79FEBEF93AF4E0EAB52587C4B4AEF26ED8D10934B6","Converted":true,"OutputModifyDate":"2024-07-03T10:54:17.9411322Z","Metadatas":[{"CategoryName":"VuGen.Replay","Offset":470,"Length":54,"TypeId":3},{"CategoryName":"VuGen.Replay","Offset":4479,"Length":113,"TypeId":3},{"CategoryName":"VuGen.Replay","Offset":4637,"Length":23,"TypeId":1},{"CategoryName":"VuGen.Replay","Offset":4660,"Length":226,"TypeId":4},{"CategoryName":"VuGen.Replay","Offset":4989,"Length":57,"TypeId":3},{"CategoryName":"VuGen.Replay","Offset":7619,"Length":77,"TypeId":2},{"CategoryName":"VuGen.Replay","Offset":7827,"Length":116,"TypeId":3},{"CategoryName":"VuGen.Replay","Offset":7943,"Length":73,"TypeId":5},{"CategoryName":"VuGen.Replay","Offset":8016,"Length":132,"TypeId":5},{"CategoryName":"VuGen.Replay","Offset":8171,"Length":21,"TypeId":1},{"CategoryName":"VuGen.Replay","Offset":8237,"Length":54,"TypeId":3},{"CategoryName":"VuGen.Replay","Offset":8722,"Length":79,"TypeId":2},{"CategoryName":"VuGen.Replay","Offset":8933,"Length":92,"TypeId":3},{"CategoryName":"VuGen.Replay","Offset":9025,"Length":69,"TypeId":5},{"CategoryName":"VuGen.Replay","Offset":9094,"Length":128,"TypeId":5}],"MetadataTypes":[{"CategoryName":"VuGen.Replay","MetadataTypeName":"HP.LR.Vugen.Iteration","Id":1},{"CategoryName":"VuGen.Replay","MetadataTypeName":"Utt.Debugger.Error","Id":2},{"CategoryName":"VuGen.Replay","MetadataTypeName":"HP.LR.Vugen.NotifyTransaction","Id":3},{"CategoryName":"VuGen.Replay","MetadataTypeName":"Utt.Debugger.Warning","Id":4},{"CategoryName":"VuGen.Replay","MetadataTypeName":"HP.LR.Vugen.NotifyAny","Id":5}]}