﻿<DataObject comparison="Ordinal">
  <Section id="">
    <Subsections>
      <Section id="General">
        <Subsections />
        <Entries>
          <Entry key="ElapsedTime">
            <double>1.5356216</double>
          </Entry>
          <Entry key="StartedAt">
            <dateTime>2024-07-03T13:54:16.983936+03:00</dateTime>
          </Entry>
          <Entry key="EndedAt">
            <dateTime>2024-07-03T13:54:18.5195576+03:00</dateTime>
          </Entry>
          <Entry key="ReplayStatus">
            <LastReplayRunStatus>Failed</LastReplayRunStatus>
          </Entry>
          <Entry key="NumberOfReplayErrors">
            <int>2</int>
          </Entry>
          <Entry key="NumberOfReplayCriticalErrors">
            <int>2</int>
          </Entry>
          <Entry key="NumberOfCompilationErrors">
            <int>0</int>
          </Entry>
        </Entries>
      </Section>
    </Subsections>
    <Entries>
      <Entry key="Iterations">
        <int>1</int>
      </Entry>
    </Entries>
  </Section>
</DataObject>