[
    {
        "actionName": "Action",
        "steps": [
            {
                "stepId": "STEP1",
                "stepName": "Url: WebTours",
                "infFile": "t1.inf",
                "time": 1720215655552
            },
            {
                "stepId": "STEP2",
                "stepName": "Submit Form: login.pl",
                "infFile": "t2.inf",
                "time": 1720215655876
            },
            {
                "stepId": "STEP3",
                "stepName": "Image: Search Flights Button",
                "infFile": "t3.inf",
                "time": 1720215656175
            },
            {
                "stepId": "STEP4",
                "stepName": "Submit Form: reservations.pl",
                "infFile": "t4.inf",
                "time": 1720215656280
            }
        ],
        "transactions": [
            {
                "transactionName": "login",
                "rawStartTime": 1720215655119,
                "rawEndTime": 1720215655914,
                "thinkTime": 0.0,
                "wastedTime": 0.10732173919677735
            },
            {
                "transactionName": "fing_flight",
                "rawStartTime": 1720215655930,
                "rawEndTime": 1720215656291,
                "thinkTime": 0.0,
                "wastedTime": 0.009351491928100586
            },
            {
                "transactionName": "select_ticket",
                "rawStartTime": 1720215656307,
                "rawEndTime": 1720215656327,
                "thinkTime": 0.0,
                "wastedTime": 0.0
            }
        ]
    }
]