{
  "FilterHeaders": [
    {
      "Header": "user-agent",
      "IncludeInScript": false
    },
    {
      "Header": "upgrade-insecure-requests",
      "IncludeInScript": true
    },
    {
      "Header": "sec-fetch-user",
      "IncludeInScript": true
    },
    {
      "Header": "sec-fetch-site",
      "IncludeInScript": true
    },
    {
      "Header": "sec-fetch-mode",
      "IncludeInScript": true
    },
    {
      "Header": "sec-fetch-dest",
      "IncludeInScript": true
    },
    {
      "Header": "sec-ch-ua-platform",
      "IncludeInScript": true
    },
    {
      "Header": "sec-ch-ua-mobile",
      "IncludeInScript": true
    },
    {
      "Header": "sec-ch-ua",
      "IncludeInScript": true
    },
    {
      "Header": "origin",
      "IncludeInScript": true
    },
    {
      "Header": "if-none-match",
      "IncludeInScript": false
    },
    {
      "Header": "if-modified-since",
      "IncludeInScript": false
    },
    {
      "Header": "cache-control",
      "IncludeInScript": false
    },
    {
      "Header": "accept-language",
      "IncludeInScript": false
    },
    {
      "Header": "accept-encoding",
      "IncludeInScript": false
    },
    {
      "Header": "accept",
      "IncludeInScript": false
    }
  ],
  "FilterResources": [
    {
      "IsNonResource": true,
      "type": "text/html"
    },
    {
      "IsNonResource": false,
      "type": "image/png"
    },
    {
      "IsNonResource": false,
      "type": "image/gif"
    }
  ],
  "GeneralInfo": {
    "BrowserVersion": "",
    "IsWinInetMode": false,
    "MaxUsedConnections": 20,
    "RecordedBrowser": "c:\\program files (x86)\\microsoft\\edge\\application\\msedge.exe",
    "RecordingDate": "Р В РЎвЂР РЋР вЂ№Р В Р’В»-03-2024",
    "RecordingDuration": 234203,
    "RecordingMode": "N/A",
    "RecordingTimeStamp": 1720000239,
    "RecordingType": "Application",
    "TotalBytesReceived": 49407,
    "TotalBytesSent": 31488,
    "TotalRequests": 36,
    "UserAgent": "Crashpad/0.8.0 WinHTTP/10.0.19041.4355 Windows_NT/10.0.19041.3636 (x64)"
  },
  "HostInfo": [
    {
      "DomainName": "nelreports.net",
      "Domains": [
        {
          "HTTPVersion": "HTTP/1.1",
          "IP": "2.16.21.9",
          "IncludeInScript": false,
          "Name": "bzib.nelreports.net",
          "Port": 443,
          "Requests": [
            {
              "CompressionType": "gzip",
              "DataType": "text/plain",
              "DownloadTime": 235,
              "EventId": 670,
              "HttpStatus": 200,
              "Size": 137,
              "URL": "https://bzib.nelreports.net/api/report?cat=bingbusiness"
            },
            {
              "CompressionType": "",
              "DataType": "",
              "DownloadTime": 203,
              "EventId": 668,
              "HttpStatus": 200,
              "Size": 0,
              "URL": "https://bzib.nelreports.net/api/report?cat=bingbusiness"
            }
          ],
          "SSLCipher": "TLS_AES_256_GCM_SHA384",
          "SSLVersion": "TLS1.3"
        }
      ],
      "IncludeInScript": true
    },
    {
      "DomainName": "msn.com",
      "Domains": [
        {
          "HTTPVersion": "HTTP/1.1",
          "IP": "204.79.197.203",
          "IncludeInScript": false,
          "Name": "ntp.msn.com",
          "Port": 443,
          "Requests": [
            {
              "CompressionType": "",
              "DataType": "application/javascript",
              "DownloadTime": 78,
              "EventId": 472,
              "HttpStatus": 304,
              "Size": 0,
              "URL": "https://ntp.msn.com/edge/ntp/service-worker.js?bundles=latest&riverAgeMinutes=2880&navAgeMinutes=2880&networkTimeoutSeconds=5&enableNetworkFirst=true&enableEmptySectionRoute=true&enableNavPreload=true&enableFallbackVerticalsFeed=true"
            },
            {
              "CompressionType": "br",
              "DataType": "application/json",
              "DownloadTime": 125,
              "EventId": 194,
              "HttpStatus": 200,
              "Size": 136716,
              "URL": "https://ntp.msn.com/resolver/api/resolve/v3/config/?expType=AppConfig&expInstance=default&apptype=edgeChromium&v=20240702.429&targetScope={%22audienceMode%22:%22adult%22,%22browser%22:{%22browserType%22:%22edgeChromium%22,%22version%22:%22126%22,%22ismobile%22:%22false%22},%22deviceFormFactor%22:%22desktop%22,%22domain%22:%22ntp.msn.com%22,%22locale%22:{%22content%22:{%22language%22:%22ru%22,%22market%22:%22ru%22},%22display%22:{%22language%22:%22ru%22,%22market%22:%22ru%22}},%22os%22:%22windows%22,%22platform%22:%22web%22,%22pageType%22:%22dhp%22,%22pageExperiments%22:[%22prg-1s-tpsnntpcrt13%22,%22prg-1s-twid%22,%22prg-1s-workid%22,%22prg-1sw-artf1%22,%22prg-1sw-artrcnr%22,%22prg-1sw-c-rivddr%22,%22prg-1sw-cgofett%22,%22prg-1sw-crrail%22,%22prg-1sw-ecpromo%22,%22prg-1sw-evtbn-p2%22,%22prg-1sw-evtp2t1%22,%22prg-1sw-finvldc%22,%22prg-1sw-haltmmcall%22,%22prg-1sw-iplsdc-ntp%22,%22prg-1sw-iplsdc1p2%22,%22prg-1sw-iplsdcp1%22,%22prg-1sw-lkssumnew%22,%22prg-1sw-logbat-c%22,%22prg-1sw-mebc72%22,%22prg-1sw-ml1flipper%22,%22prg-1sw-mtr-en%22,%22prg-1sw-newicp1%22,%22prg-1sw-newicp2%22,%22prg-1sw-nommcall%22,%22prg-1sw-ol-freenp1%22,%22prg-1sw-ol-kmp1-t%22,%22prg-1sw-olymp4mark%22,%22prg-1sw-olymtrigr%22,%22prg-1sw-p1widinc%22,%22prg-1sw-p1wtrclm%22,%22prg-1sw-p2mebc71%22,%22prg-1sw-rail%22,%22prg-1sw-rail-v1%22,%22prg-1sw-rcux2%22,%22prg-1sw-rr2fn%22,%22prg-1sw-rr2fp%22,%22prg-1sw-sa-l4-ru%22,%22prg-1sw-sa-uiev3at1%22,%22prg-1sw-sawpol4p2t%22,%22prg-1sw-shvdspgl-p1%22,%22prg-1sw-slvh-p1%22,%22prg-1sw-socc-ntp%22,%22prg-1sw-socc-p1%22,%22prg-1sw-socc-p2%22,%22prg-1sw-spdptcf%22,%22prg-1sw-spindr2%22,%22prg-1sw-sptnusc%22,%22prg-1sw-tbctrl%22,%22prg-1sw-uclam%22,%22prg-1sw-wxapiv2%22,%22prg-1sw-wxapiv2all%22,%22prg-1sw-wxbgsmrc%22,%22prg-1sw-wxcfinst%22,%22prg-1sw-wxeapiv2%22,%22prg-1sw-zhcnalt2%22,%22prg-ad-abd%22,%22prg-ad-dismemo%22,%22prg-ad-dspcombo%22,%22prg-ad-dsprfshoptm%22,%22prg-ad-safe%22,%22prg-adspeek%22,%22prg-auto-csc1%22,%22prg-bkgdgthm%22,%22prg-bkgdgthm-t2%22,%22prg-cg-ad-ref-if-2%22,%22prg-cg-dom-clean%22,%22prg-cg-int-ad-pod%22,%22prg-cg-search-api-c%22,%22prg-cg-seclarity%22,%22prg-cg-signin-t2%22,%22prg-cscmc%22,%22prg-customizefeed%22,%22prg-game-opc%22,%22prg-game-twnb%22,%22prg-game-ux-cc%22,%22prg-nav-nemt%22,%22prg-nav-nemt4%22,%22prg-neutralsdcards%22,%22prg-noiris%22,%22prg-ntp-tg-tcrc%22,%22prg-p2-wxinst%22,%22prg-pcs-cghp-ctrl%22,%22prg-pr2-bdl-all%22,%22prg-pr2-bdl-mny%22,%22prg-pr2-bdl-spt%22,%22prg-pr2-pagecontext%22,%22prg-pr2-respsection-c%22,%22prg-pr2-shoreline%22,%22prg-pr2-sidebar%22,%22prg-pr2-sidebar-ads3-t%22,%22prg-pr2-widget-tab%22,%22prg-premier-ntp-t5%22,%22prg-prm-t18a%22,%22prg-pw-respcard2c%22,%22prg-river-wcks3%22,%22prg-rm-dupmute-c%22,%22prg-rm-thm-sec%22,%22prg-rpt2%22,%22prg-sh-artfltd%22,%22prg-sh-bd-newchckot%22,%22prg-sh-bd-nwchk%22,%22prg-sh-bd-video%22,%22prg-sh-edgrec%22,%22prg-sh-recopdp%22,%22prg-sh-rmitmlnk-c%22,%22prg-shopping-api%22,%22prg-sp-cfpickwinner%22,%22prg-sp-euro24%22,%22prg-sp-liveapi%22,%22prg-sp-nba24%22,%22prg-sp-nhl24%22,%22prg-titlemapping-c%22,%22prg-upsaip-r-t%22,%22prg-upsaip-w1-t%22,%22prg-whp-ml1flipper%22,%22prg-wpo-clckcrvscrl2%22,%22prg-wpo-xtr-rgs2%22,%22prg-wx-ctappv2%22,%22prg-wx-dhgrd%22,%22prg-wx-ncal%22,%22prg-wx-wxhurac%22]}"
            },
            {
              "CompressionType": "",
              "DataType": "text/html",
              "DownloadTime": 156,
              "EventId": 56,
              "HttpStatus": 200,
              "Size": 59070,
              "URL": "https://ntp.msn.com/edge/ntp?locale=ru&title=%D0%9D%D0%BE%D0%B2%D0%B0%D1%8F%20%D0%B2%D0%BA%D0%BB%D0%B0%D0%B4%D0%BA%D0%B0&dsp=0&sp=%D0%AF%D0%BD%D0%B4%D0%B5%D0%BA%D1%81&startpage=1&PC=U531&prerender=1"
            }
          ],
          "SSLCipher": "TLS_AES_256_GCM_SHA384",
          "SSLVersion": "TLS1.3"
        },
        {
          "HTTPVersion": "HTTP/1.1",
          "IP": "92.123.135.73",
          "IncludeInScript": false,
          "Name": "assets.msn.com",
          "Port": 443,
          "Requests": [
            {
              "CompressionType": "gzip",
              "DataType": "application/json",
              "DownloadTime": 31,
              "EventId": 596,
              "HttpStatus": 200,
              "Size": 413,
              "URL": "https://assets.msn.com/periconfigs/feature-configs/weathercarddata/default/config.json/122b3261e158f9866a23f6386a26e1b7.json"
            },
            {
              "CompressionType": "gzip",
              "DataType": "application/json",
              "DownloadTime": 32,
              "EventId": 594,
              "HttpStatus": 200,
              "Size": 198,
              "URL": "https://assets.msn.com/periconfigs/feature-configs/weathercarddata/default/index.json/7e9289ff53373203953f2e827e0f33be.json"
            },
            {
              "CompressionType": "gzip",
              "DataType": "application/json",
              "DownloadTime": 31,
              "EventId": 592,
              "HttpStatus": 200,
              "Size": 798,
              "URL": "https://assets.msn.com/periconfigs/loc-configs/toastwc/default/config_ru.json/f307f01047bd1f0088971bf96590f1d0.json"
            },
            {
              "CompressionType": "gzip",
              "DataType": "application/json",
              "DownloadTime": 15,
              "EventId": 590,
              "HttpStatus": 200,
              "Size": 140,
              "URL": "https://assets.msn.com/periconfigs/feature-configs/toastwc/default/config.json/481ba17414e7899524eddb7f42af4f04.json"
            },
            {
              "CompressionType": "gzip",
              "DataType": "application/json",
              "DownloadTime": 31,
              "EventId": 588,
              "HttpStatus": 200,
              "Size": 539,
              "URL": "https://assets.msn.com/periconfigs/loc-configs/signincontrolwc/default/config_ru.json/a858f899d245c764777b48d75ac5d253.json"
            },
            {
              "CompressionType": "gzip",
              "DataType": "application/json",
              "DownloadTime": 31,
              "EventId": 586,
              "HttpStatus": 200,
              "Size": 121,
              "URL": "https://assets.msn.com/periconfigs/feature-configs/signincontrolwc/default/config.json/cbed208a4debe96207450878146e0c79.json"
            },
            {
              "CompressionType": "gzip",
              "DataType": "application/json",
              "DownloadTime": 32,
              "EventId": 584,
              "HttpStatus": 200,
              "Size": 445,
              "URL": "https://assets.msn.com/periconfigs/loc-configs/weatheroneliner/default/config_ru.json/e79a4b1bd93140c916275fe62f80b2e3.json"
            },
            {
              "CompressionType": "gzip",
              "DataType": "application/json",
              "DownloadTime": 16,
              "EventId": 582,
              "HttpStatus": 200,
              "Size": 72,
              "URL": "https://assets.msn.com/periconfigs/feature-configs/nurturingcoachmark/default/config.json/f957f996f886204ef6e1b657d070e0d1.json"
            },
            {
              "CompressionType": "gzip",
              "DataType": "application/json",
              "DownloadTime": 32,
              "EventId": 580,
              "HttpStatus": 200,
              "Size": 160,
              "URL": "https://assets.msn.com/periconfigs/feature-configs/weatheroneliner/default/config.json/2cc0e19f048cda04adb458d068ad30ee.json"
            },
            {
              "CompressionType": "gzip",
              "DataType": "application/json",
              "DownloadTime": 16,
              "EventId": 578,
              "HttpStatus": 200,
              "Size": 85,
              "URL": "https://assets.msn.com/periconfigs/loc-configs/superbreakingnews/default/config_ru.json/548761e8a40917fd5875031001374e4f.json"
            },
            {
              "CompressionType": "gzip",
              "DataType": "application/json",
              "DownloadTime": 62,
              "EventId": 576,
              "HttpStatus": 200,
              "Size": 181,
              "URL": "https://assets.msn.com/periconfigs/feature-configs/mobileappupsell/default/config.json/0ffde60731794352f910992cdd32fe6f.json"
            },
            {
              "CompressionType": "gzip",
              "DataType": "application/json",
              "DownloadTime": 31,
              "EventId": 574,
              "HttpStatus": 200,
              "Size": 58,
              "URL": "https://assets.msn.com/periconfigs/feature-configs/superbreakingnews/default/config_ru-ru.json/9c36390e79edd93b6e4a4bcd7a8372b1.json"
            },
            {
              "CompressionType": "gzip",
              "DataType": "application/json",
              "DownloadTime": 31,
              "EventId": 572,
              "HttpStatus": 200,
              "Size": 85,
              "URL": "https://assets.msn.com/periconfigs/feature-configs/superbreakingnews/default/config.json/8fdb7aaff4ad0dfc56bbf7b5a98c562f.json"
            },
            {
              "CompressionType": "gzip",
              "DataType": "application/json",
              "DownloadTime": 16,
              "EventId": 570,
              "HttpStatus": 200,
              "Size": 521,
              "URL": "https://assets.msn.com/periconfigs/loc-configs/mobileappupsell/default/config_ru.json/ca1523f6a08220bc92af2dd888c12191.json"
            },
            {
              "CompressionType": "gzip",
              "DataType": "application/json",
              "DownloadTime": 31,
              "EventId": 568,
              "HttpStatus": 200,
              "Size": 71,
              "URL": "https://assets.msn.com/periconfigs/feature-configs/marketlanguagetogglewc/default/config.json/f320387508c7365193a6008a6599d43b.json"
            },
            {
              "CompressionType": "gzip",
              "DataType": "application/json",
              "DownloadTime": 31,
              "EventId": 566,
              "HttpStatus": 200,
              "Size": 193,
              "URL": "https://assets.msn.com/periconfigs/loc-configs/marketlanguagetogglewc/default/config_ru.json/84abe359824c690281cb99025e8f2742.json"
            },
            {
              "CompressionType": "gzip",
              "DataType": "application/json",
              "DownloadTime": 31,
              "EventId": 564,
              "HttpStatus": 200,
              "Size": 95,
              "URL": "https://assets.msn.com/periconfigs/loc-configs/feedbacklinkwc/default/config_ru.json/50ac843d3f72a52664eda0de14415497.json"
            },
            {
              "CompressionType": "gzip",
              "DataType": "application/json",
              "DownloadTime": 32,
              "EventId": 562,
              "HttpStatus": 200,
              "Size": 37,
              "URL": "https://assets.msn.com/periconfigs/feature-configs/feedbacklinkwc/default/config.json/4a48d9b48131eef49b36f865b07ebb16.json"
            },
            {
              "CompressionType": "gzip",
              "DataType": "application/json",
              "DownloadTime": 32,
              "EventId": 560,
              "HttpStatus": 200,
              "Size": 732,
              "URL": "https://assets.msn.com/periconfigs/loc-configs/notificationbellwc/default/config_ru.json/922a55e87f39fc59fd8094d0da7fceb2.json"
            },
            {
              "CompressionType": "gzip",
              "DataType": "application/json",
              "DownloadTime": 31,
              "EventId": 558,
              "HttpStatus": 200,
              "Size": 184,
              "URL": "https://assets.msn.com/periconfigs/feature-configs/notificationbellwc/default/config.json/e1ae22985eaeff4cb1e72916af7d0c85.json"
            },
            {
              "CompressionType": "gzip",
              "DataType": "application/json",
              "DownloadTime": 31,
              "EventId": 556,
              "HttpStatus": 200,
              "Size": 74,
              "URL": "https://assets.msn.com/periconfigs/feature-configs/notificationbellwc/default/config_ru-ru_adult.json/d12564c4192b5085244816555f389553.json"
            },
            {
              "CompressionType": "gzip",
              "DataType": "application/json",
              "DownloadTime": 47,
              "EventId": 554,
              "HttpStatus": 200,
              "Size": 2609,
              "URL": "https://assets.msn.com/periconfigs/loc-configs/welcomegreetinglight/default/config_ru.json/7473bec967c36f940043d2ec7ac810f3.json"
            },
            {
              "CompressionType": "gzip",
              "DataType": "application/json",
              "DownloadTime": 62,
              "EventId": 552,
              "HttpStatus": 200,
              "Size": 70,
              "URL": "https://assets.msn.com/periconfigs/feature-configs/commonsettingsedgenext/default/config_prg-bkgdgthm.json/8e2d481b6963fe1724a30352ad67d807.json"
            },
            {
              "CompressionType": "gzip",
              "DataType": "application/json",
              "DownloadTime": 31,
              "EventId": 550,
              "HttpStatus": 200,
              "Size": 402,
              "URL": "https://assets.msn.com/periconfigs/loc-configs/wafflewc/default/config_ru.json/e8d722f2c078943312ea416aac2e5bfc.json"
            },
            {
              "CompressionType": "gzip",
              "DataType": "application/json",
              "DownloadTime": 16,
              "EventId": 548,
              "HttpStatus": 200,
              "Size": 771,
              "URL": "https://assets.msn.com/periconfigs/feature-configs/welcomegreetinglight/default/config.json/57d6f5554028ac6ed112b9d0d6efda45.json"
            },
            {
              "CompressionType": "gzip",
              "DataType": "application/json",
              "DownloadTime": 32,
              "EventId": 546,
              "HttpStatus": 200,
              "Size": 273,
              "URL": "https://assets.msn.com/periconfigs/feature-configs/wafflewc/default/config.json/a6fea764b076506d478f089717172659.json"
            },
            {
              "CompressionType": "gzip",
              "DataType": "application/json",
              "DownloadTime": 32,
              "EventId": 544,
              "HttpStatus": 200,
              "Size": 2148,
              "URL": "https://assets.msn.com/periconfigs/loc-configs/commonsettingsedgenext/default/config_ru.json/431ef389cb5739ccbabb9974458b1db3.json"
            },
            {
              "CompressionType": "gzip",
              "DataType": "application/json",
              "DownloadTime": 31,
              "EventId": 542,
              "HttpStatus": 200,
              "Size": 63,
              "URL": "https://assets.msn.com/periconfigs/feature-configs/commonsettingsedgenext/default/config_prg-rm-thm-sec.json/6c4a3ace702408fb213ae3558fff57db.json"
            },
            {
              "CompressionType": "gzip",
              "DataType": "application/json",
              "DownloadTime": 78,
              "EventId": 540,
              "HttpStatus": 200,
              "Size": 72,
              "URL": "https://assets.msn.com/periconfigs/feature-configs/backgroundgallery/default/config.json/b6b11ce0694f7101a51906f39bd75603.json"
            },
            {
              "CompressionType": "gzip",
              "DataType": "application/json",
              "DownloadTime": 62,
              "EventId": 538,
              "HttpStatus": 200,
              "Size": 60,
              "URL": "https://assets.msn.com/periconfigs/feature-configs/backgroundgallery/default/config_prg-noiris.json/179c4596f2133d75cb9ac488c172b576.json"
            },
            {
              "CompressionType": "gzip",
              "DataType": "application/json",
              "DownloadTime": 46,
              "EventId": 536,
              "HttpStatus": 200,
              "Size": 91,
              "URL": "https://assets.msn.com/periconfigs/feature-configs/commonsettingsedgenext/default/config_ru-ru.json/e74f2eab78d0f0b1e90562aa01c900d7.json"
            },
            {
              "CompressionType": "gzip",
              "DataType": "application/json",
              "DownloadTime": 31,
              "EventId": 534,
              "HttpStatus": 200,
              "Size": 156,
              "URL": "https://assets.msn.com/periconfigs/feature-configs/commonsettingsedgenext/default/config_adult.json/55cc29793ac0b5649d8c2468e72e423e.json"
            },
            {
              "CompressionType": "gzip",
              "DataType": "application/json",
              "DownloadTime": 31,
              "EventId": 532,
              "HttpStatus": 200,
              "Size": 326,
              "URL": "https://assets.msn.com/periconfigs/feature-configs/commonsettingsedgenext/default/config.json/c018b825ad6dff598fa8f1b71b92ad2d.json"
            },
            {
              "CompressionType": "gzip",
              "DataType": "application/json",
              "DownloadTime": 15,
              "EventId": 530,
              "HttpStatus": 200,
              "Size": 1454,
              "URL": "https://assets.msn.com/periconfigs/loc-configs/backgroundgallery/default/config_ru.json/d108c9a37c33320c716095af15e7f0c8.json"
            },
            {
              "CompressionType": "gzip",
              "DataType": "application/json",
              "DownloadTime": 32,
              "EventId": 528,
              "HttpStatus": 200,
              "Size": 66,
              "URL": "https://assets.msn.com/periconfigs/feature-configs/backgroundgallery/default/config_prg-bkgdgthm.json/dadf43e947ee333d399289737ed78ab2.json"
            },
            {
              "CompressionType": "gzip",
              "DataType": "application/json",
              "DownloadTime": 31,
              "EventId": 526,
              "HttpStatus": 200,
              "Size": 37,
              "URL": "https://assets.msn.com/periconfigs/feature-configs/conditionalbannerwc/default/config.json/4a48d9b48131eef49b36f865b07ebb16.json"
            },
            {
              "CompressionType": "gzip",
              "DataType": "application/json",
              "DownloadTime": 31,
              "EventId": 524,
              "HttpStatus": 200,
              "Size": 712,
              "URL": "https://assets.msn.com/periconfigs/loc-configs/toastwc/default/index.json/c8aaa2d41bc2f31991095c17b3d70d08.json"
            },
            {
              "CompressionType": "gzip",
              "DataType": "application/json",
              "DownloadTime": 31,
              "EventId": 522,
              "HttpStatus": 200,
              "Size": 719,
              "URL": "https://assets.msn.com/periconfigs/loc-configs/signincontrolwc/default/index.json/fad0c36f5fb3552eb87f6c52a89f171a.json"
            },
            {
              "CompressionType": "gzip",
              "DataType": "application/json",
              "DownloadTime": 15,
              "EventId": 520,
              "HttpStatus": 200,
              "Size": 139,
              "URL": "https://assets.msn.com/periconfigs/feature-configs/signincontrolwc/default/index.json/1ab21b919dfe65e72314f7cb5a5f90b1.json"
            },
            {
              "CompressionType": "gzip",
              "DataType": "application/json",
              "DownloadTime": 31,
              "EventId": 518,
              "HttpStatus": 200,
              "Size": 76,
              "URL": "https://assets.msn.com/periconfigs/feature-configs/toastwc/default/index.json/bd588dfaa1f085a4b831ce5a72462bb4.json"
            },
            {
              "CompressionType": "gzip",
              "DataType": "application/json",
              "DownloadTime": 32,
              "EventId": 516,
              "HttpStatus": 200,
              "Size": 133,
              "URL": "https://assets.msn.com/periconfigs/feature-configs/nurturingcoachmark/default/index.json/e342922fb95b1fd2e2642e74892aae1e.json"
            },
            {
              "CompressionType": "gzip",
              "DataType": "application/json",
              "DownloadTime": 31,
              "EventId": 514,
              "HttpStatus": 200,
              "Size": 707,
              "URL": "https://assets.msn.com/periconfigs/loc-configs/weatheroneliner/default/index.json/bd0f263de9b3cf17060481a64a80c9d6.json"
            },
            {
              "CompressionType": "gzip",
              "DataType": "application/json",
              "DownloadTime": 31,
              "EventId": 512,
              "HttpStatus": 200,
              "Size": 231,
              "URL": "https://assets.msn.com/periconfigs/feature-configs/weatheroneliner/default/index.json/421b9365d4be207632a8eae744d2d824.json"
            },
            {
              "CompressionType": "gzip",
              "DataType": "application/json",
              "DownloadTime": 15,
              "EventId": 510,
              "HttpStatus": 200,
              "Size": 707,
              "URL": "https://assets.msn.com/periconfigs/loc-configs/superbreakingnews/default/index.json/f683297120593e74736b56104372aabc.json"
            },
            {
              "CompressionType": "gzip",
              "DataType": "application/json",
              "DownloadTime": 31,
              "EventId": 508,
              "HttpStatus": 200,
              "Size": 740,
              "URL": "https://assets.msn.com/periconfigs/feature-configs/superbreakingnews/default/index.json/84e83640accfe6251d099a3fcef515b8.json"
            },
            {
              "CompressionType": "gzip",
              "DataType": "application/json",
              "DownloadTime": 31,
              "EventId": 506,
              "HttpStatus": 200,
              "Size": 706,
              "URL": "https://assets.msn.com/periconfigs/loc-configs/mobileappupsell/default/index.json/eb2f9f083ce796cd125bfbd08cd1b826.json"
            },
            {
              "CompressionType": "gzip",
              "DataType": "application/json",
              "DownloadTime": 31,
              "EventId": 504,
              "HttpStatus": 200,
              "Size": 247,
              "URL": "https://assets.msn.com/periconfigs/feature-configs/mobileappupsell/default/index.json/c6e5a94ef3c26f2c1c765385bce9a26d.json"
            },
            {
              "CompressionType": "gzip",
              "DataType": "application/json",
              "DownloadTime": 47,
              "EventId": 502,
              "HttpStatus": 200,
              "Size": 713,
              "URL": "https://assets.msn.com/periconfigs/loc-configs/marketlanguagetogglewc/default/index.json/c5cba2665d934b64ecf27b32d9c3fb78.json"
            },
            {
              "CompressionType": "gzip",
              "DataType": "application/json",
              "DownloadTime": 31,
              "EventId": 500,
              "HttpStatus": 200,
              "Size": 120,
              "URL": "https://assets.msn.com/periconfigs/feature-configs/marketlanguagetogglewc/default/index.json/7531650cbbac0523da2ce8c90a01e9e0.json"
            },
            {
              "CompressionType": "gzip",
              "DataType": "application/json",
              "DownloadTime": 16,
              "EventId": 498,
              "HttpStatus": 200,
              "Size": 719,
              "URL": "https://assets.msn.com/periconfigs/loc-configs/feedbacklinkwc/default/index.json/fa3ff00544e9a0b65796af123e9294f6.json"
            },
            {
              "CompressionType": "gzip",
              "DataType": "application/json",
              "DownloadTime": 47,
              "EventId": 496,
              "HttpStatus": 200,
              "Size": 721,
              "URL": "https://assets.msn.com/periconfigs/loc-configs/notificationbellwc/default/index.json/c12f15049ef70449f938b84a065eb871.json"
            },
            {
              "CompressionType": "gzip",
              "DataType": "application/json",
              "DownloadTime": 32,
              "EventId": 494,
              "HttpStatus": 200,
              "Size": 147,
              "URL": "https://assets.msn.com/periconfigs/feature-configs/feedbacklinkwc/default/index.json/b0a99020b7ea27743aadf13a8cdad0b1.json"
            },
            {
              "CompressionType": "gzip",
              "DataType": "application/json",
              "DownloadTime": 47,
              "EventId": 492,
              "HttpStatus": 200,
              "Size": 450,
              "URL": "https://assets.msn.com/periconfigs/feature-configs/notificationbellwc/default/index.json/d1bfaeeefbc22ee48a8407b9af723291.json"
            },
            {
              "CompressionType": "gzip",
              "DataType": "application/json",
              "DownloadTime": 31,
              "EventId": 490,
              "HttpStatus": 200,
              "Size": 710,
              "URL": "https://assets.msn.com/periconfigs/loc-configs/welcomegreetinglight/default/index.json/ed36a4f59ca9a903fe1bcc72a1aa4345.json"
            },
            {
              "CompressionType": "gzip",
              "DataType": "application/json",
              "DownloadTime": 31,
              "EventId": 488,
              "HttpStatus": 200,
              "Size": 358,
              "URL": "https://assets.msn.com/periconfigs/feature-configs/welcomegreetinglight/default/index.json/50d1c2b8dd2bba0113a37505dfefdbb5.json"
            },
            {
              "CompressionType": "gzip",
              "DataType": "application/json",
              "DownloadTime": 15,
              "EventId": 486,
              "HttpStatus": 200,
              "Size": 703,
              "URL": "https://assets.msn.com/periconfigs/loc-configs/wafflewc/default/index.json/f1aeef1cee0a82d55ea893a1b137cfe7.json"
            },
            {
              "CompressionType": "gzip",
              "DataType": "application/json",
              "DownloadTime": 31,
              "EventId": 484,
              "HttpStatus": 200,
              "Size": 166,
              "URL": "https://assets.msn.com/periconfigs/feature-configs/wafflewc/default/index.json/eaee621494ebc00ccd972234af10b047.json"
            },
            {
              "CompressionType": "gzip",
              "DataType": "application/json",
              "DownloadTime": 31,
              "EventId": 482,
              "HttpStatus": 200,
              "Size": 711,
              "URL": "https://assets.msn.com/periconfigs/loc-configs/commonsettingsedgenext/default/index.json/4d9f9f184cedafa6ef82decfad53fb9a.json"
            },
            {
              "CompressionType": "gzip",
              "DataType": "application/json",
              "DownloadTime": 31,
              "EventId": 480,
              "HttpStatus": 200,
              "Size": 867,
              "URL": "https://assets.msn.com/periconfigs/feature-configs/commonsettingsedgenext/default/index.json/81224e21a30fa5566ec9ae7698545247.json"
            },
            {
              "CompressionType": "gzip",
              "DataType": "application/json",
              "DownloadTime": 31,
              "EventId": 478,
              "HttpStatus": 200,
              "Size": 707,
              "URL": "https://assets.msn.com/periconfigs/loc-configs/backgroundgallery/default/index.json/fd960168183a172b20cde998e9b05821.json"
            },
            {
              "CompressionType": "gzip",
              "DataType": "application/json",
              "DownloadTime": 31,
              "EventId": 476,
              "HttpStatus": 200,
              "Size": 130,
              "URL": "https://assets.msn.com/periconfigs/feature-configs/conditionalbannerwc/default/index.json/fe7c57a8ec107f79936a34360b467dbe.json"
            },
            {
              "CompressionType": "gzip",
              "DataType": "application/json",
              "DownloadTime": 31,
              "EventId": 474,
              "HttpStatus": 200,
              "Size": 182,
              "URL": "https://assets.msn.com/periconfigs/feature-configs/backgroundgallery/default/index.json/fa8498a5e31540005dd351560098f0c6.json"
            },
            {
              "CompressionType": "gzip",
              "DataType": "application/json",
              "DownloadTime": 32,
              "EventId": 466,
              "HttpStatus": 200,
              "Size": 916,
              "URL": "https://assets.msn.com/periconfigs/loc-configs/topsitesedgenextwc/default/config_ru.json/e3b185d6a6e3be2fb809de1769394796.json"
            },
            {
              "CompressionType": "gzip",
              "DataType": "application/json",
              "DownloadTime": 32,
              "EventId": 464,
              "HttpStatus": 200,
              "Size": 130,
              "URL": "https://assets.msn.com/periconfigs/feature-configs/topsitesedgenextwc/default/config_adult_windows.json/43ae7adb23028ec6bd8633cfa69f68cb.json"
            },
            {
              "CompressionType": "gzip",
              "DataType": "application/json",
              "DownloadTime": 31,
              "EventId": 462,
              "HttpStatus": 200,
              "Size": 64,
              "URL": "https://assets.msn.com/periconfigs/feature-configs/topsitesedgenextwc/default/config_windows.json/3bfb4116ddaedaf78870c7ca82051686.json"
            },
            {
              "CompressionType": "gzip",
              "DataType": "application/json",
              "DownloadTime": 31,
              "EventId": 460,
              "HttpStatus": 200,
              "Size": 69,
              "URL": "https://assets.msn.com/periconfigs/feature-configs/topsitesedgenextwc/default/config_adult.json/59ec862d217368d460a2705aef2bc160.json"
            },
            {
              "CompressionType": "gzip",
              "DataType": "application/json",
              "DownloadTime": 32,
              "EventId": 458,
              "HttpStatus": 200,
              "Size": 9631,
              "URL": "https://assets.msn.com/periconfigs/loc-configs/backgroundimagewc/default/config_ru.json/86065cb6bedc9f1603173c2b933f49f6.json"
            },
            {
              "CompressionType": "gzip",
              "DataType": "application/json",
              "DownloadTime": 32,
              "EventId": 456,
              "HttpStatus": 200,
              "Size": 780,
              "URL": "https://assets.msn.com/periconfigs/feature-configs/topsitesedgenextwc/default/config_ru-ru.json/d2f8a4a4708f68763db7aa7cf6b603d1.json"
            },
            {
              "CompressionType": "gzip",
              "DataType": "application/json",
              "DownloadTime": 32,
              "EventId": 454,
              "HttpStatus": 200,
              "Size": 1199,
              "URL": "https://assets.msn.com/periconfigs/feature-configs/topsitesedgenextwc/default/config.json/6f8ff40e5ac387070dede5624394c494.json"
            },
            {
              "CompressionType": "gzip",
              "DataType": "application/json",
              "DownloadTime": 31,
              "EventId": 452,
              "HttpStatus": 200,
              "Size": 13210,
              "URL": "https://assets.msn.com/periconfigs/feature-configs/backgroundimagewc/default/config.json/19640d6400753475a90f339bb67a4761.json"
            },
            {
              "CompressionType": "gzip",
              "DataType": "application/json",
              "DownloadTime": 31,
              "EventId": 450,
              "HttpStatus": 200,
              "Size": 60,
              "URL": "https://assets.msn.com/periconfigs/feature-configs/backgroundimagewc/default/config_prg-noiris.json/179c4596f2133d75cb9ac488c172b576.json"
            },
            {
              "CompressionType": "gzip",
              "DataType": "application/json",
              "DownloadTime": 31,
              "EventId": 448,
              "HttpStatus": 200,
              "Size": 68,
              "URL": "https://assets.msn.com/periconfigs/feature-configs/backgroundimagewc/default/config_ru-ru.json/52e9dd8c0fb32e6eaedc00475ba4c1de.json"
            },
            {
              "CompressionType": "gzip",
              "DataType": "application/json",
              "DownloadTime": 31,
              "EventId": 446,
              "HttpStatus": 200,
              "Size": 723,
              "URL": "https://assets.msn.com/periconfigs/loc-configs/topsitesedgenextwc/default/index.json/e841249fec6d00ab11fb2f9647cb944e.json"
            },
            {
              "CompressionType": "gzip",
              "DataType": "application/json",
              "DownloadTime": 15,
              "EventId": 444,
              "HttpStatus": 200,
              "Size": 1485,
              "URL": "https://assets.msn.com/periconfigs/feature-configs/topsitesedgenextwc/default/index.json/97576cb34c3ab02b46f0adfa35ac7d03.json"
            },
            {
              "CompressionType": "gzip",
              "DataType": "application/json",
              "DownloadTime": 31,
              "EventId": 442,
              "HttpStatus": 200,
              "Size": 721,
              "URL": "https://assets.msn.com/periconfigs/loc-configs/backgroundimagewc/default/index.json/48b42d1305d5f2ca3991d64f46cc0446.json"
            },
            {
              "CompressionType": "gzip",
              "DataType": "application/json",
              "DownloadTime": 31,
              "EventId": 440,
              "HttpStatus": 200,
              "Size": 602,
              "URL": "https://assets.msn.com/periconfigs/feature-configs/backgroundimagewc/default/index.json/56a94b3a1a8bdc0ac6884ce297a58656.json"
            },
            {
              "CompressionType": "gzip",
              "DataType": "application/json",
              "DownloadTime": 31,
              "EventId": 435,
              "HttpStatus": 200,
              "Size": 5542,
              "URL": "https://assets.msn.com/periconfigs/loc-configs/waterfallviewfeed/default/config_ru.json/70a4e34d3129c44ed13ad3376f61c43d.json"
            },
            {
              "CompressionType": "gzip",
              "DataType": "application/json",
              "DownloadTime": 31,
              "EventId": 433,
              "HttpStatus": 200,
              "Size": 131,
              "URL": "https://assets.msn.com/periconfigs/feature-configs/waterfallviewfeed/default/config_prg-ntp-tg-tcrc.json/7af68a46679906290ddbd376d375cc01.json"
            },
            {
              "CompressionType": "gzip",
              "DataType": "application/json",
              "DownloadTime": 16,
              "EventId": 431,
              "HttpStatus": 200,
              "Size": 73,
              "URL": "https://assets.msn.com/periconfigs/feature-configs/waterfallviewfeed/default/config_prg-cscmc.json/f9b42c1445612716c9a41538706631f2.json"
            },
            {
              "CompressionType": "gzip",
              "DataType": "application/json",
              "DownloadTime": 47,
              "EventId": 429,
              "HttpStatus": 200,
              "Size": 192,
              "URL": "https://assets.msn.com/periconfigs/feature-configs/waterfallviewfeed/default/config_ru-ru_adult.json/b21d3d39076a9fcdb07c9ea2f2fee341.json"
            },
            {
              "CompressionType": "gzip",
              "DataType": "application/json",
              "DownloadTime": 47,
              "EventId": 427,
              "HttpStatus": 200,
              "Size": 103,
              "URL": "https://assets.msn.com/periconfigs/feature-configs/waterfallviewfeed/default/config_ru-ru.json/d4c85fe50b5c4d03d954db24c0d19c63.json"
            },
            {
              "CompressionType": "gzip",
              "DataType": "application/json",
              "DownloadTime": 31,
              "EventId": 425,
              "HttpStatus": 200,
              "Size": 498,
              "URL": "https://assets.msn.com/periconfigs/feature-configs/waterfallviewfeed/default/config_adult.json/3a7c853a1917b30fd1ea7e2a359ff7a2.json"
            },
            {
              "CompressionType": "gzip",
              "DataType": "application/json",
              "DownloadTime": 31,
              "EventId": 423,
              "HttpStatus": 200,
              "Size": 4311,
              "URL": "https://assets.msn.com/periconfigs/feature-configs/waterfallviewfeed/default/config.json/72f1606735c38026411d7c2de6bf83fd.json"
            },
            {
              "CompressionType": "gzip",
              "DataType": "application/json",
              "DownloadTime": 15,
              "EventId": 421,
              "HttpStatus": 200,
              "Size": 333,
              "URL": "https://assets.msn.com/periconfigs/loc-configs/floatbuttongroupwc/default/config_ru.json/4538e478b30637560278baa4320ba2da.json"
            },
            {
              "CompressionType": "gzip",
              "DataType": "application/json",
              "DownloadTime": 15,
              "EventId": 419,
              "HttpStatus": 200,
              "Size": 60,
              "URL": "https://assets.msn.com/periconfigs/feature-configs/floatbuttongroupwc/default/config.json/5a9dcf80eb7d47fa0f131fa402bac606.json"
            },
            {
              "CompressionType": "gzip",
              "DataType": "application/json",
              "DownloadTime": 31,
              "EventId": 417,
              "HttpStatus": 200,
              "Size": 67,
              "URL": "https://assets.msn.com/periconfigs/feature-configs/scrolldownbutton/default/config.json/004349d6a7affd45ebceb3979eaf1abc.json"
            },
            {
              "CompressionType": "gzip",
              "DataType": "application/json",
              "DownloadTime": 31,
              "EventId": 415,
              "HttpStatus": 200,
              "Size": 251,
              "URL": "https://assets.msn.com/periconfigs/loc-configs/scrolldownbutton/default/config_ru.json/7f439dbc5958f32d59695510aca42f5d.json"
            },
            {
              "CompressionType": "gzip",
              "DataType": "application/json",
              "DownloadTime": 47,
              "EventId": 413,
              "HttpStatus": 200,
              "Size": 66,
              "URL": "https://assets.msn.com/periconfigs/feature-configs/supernav/default/config_prg-customizefeed.json/32f2a497ccda4b1a725120c294d4010d.json"
            },
            {
              "CompressionType": "gzip",
              "DataType": "application/json",
              "DownloadTime": 62,
              "EventId": 411,
              "HttpStatus": 200,
              "Size": 157,
              "URL": "https://assets.msn.com/periconfigs/feature-configs/supernav/default/config_ru-ru.json/9d10686bd13576bffd99d1272057b071.json"
            },
            {
              "CompressionType": "gzip",
              "DataType": "application/json",
              "DownloadTime": 31,
              "EventId": 409,
              "HttpStatus": 200,
              "Size": 66,
              "URL": "https://assets.msn.com/periconfigs/feature-configs/supernav/default/config_prg-cscmc.json/085448fd3fcd948bfacc9f713ba1dbf5.json"
            },
            {
              "CompressionType": "gzip",
              "DataType": "application/json",
              "DownloadTime": 31,
              "EventId": 407,
              "HttpStatus": 200,
              "Size": 1486,
              "URL": "https://assets.msn.com/periconfigs/loc-configs/supernav/default/config_ru.json/3f79af5a41f4cb7fc528c0570fd282de.json"
            },
            {
              "CompressionType": "gzip",
              "DataType": "application/json",
              "DownloadTime": 31,
              "EventId": 405,
              "HttpStatus": 200,
              "Size": 1033,
              "URL": "https://assets.msn.com/periconfigs/feature-configs/supernav/default/config.json/e0966aed8001ef2af4fb715073516299.json"
            },
            {
              "CompressionType": "gzip",
              "DataType": "application/json",
              "DownloadTime": 31,
              "EventId": 403,
              "HttpStatus": 200,
              "Size": 115,
              "URL": "https://assets.msn.com/periconfigs/feature-configs/commonsearchboxedgenext/default/config_ru-ru.json/c37e72ba85636186f04e0dc51b4e67ee.json"
            },
            {
              "CompressionType": "gzip",
              "DataType": "application/json",
              "DownloadTime": 47,
              "EventId": 401,
              "HttpStatus": 200,
              "Size": 496,
              "URL": "https://assets.msn.com/periconfigs/loc-configs/commonsearchboxedgenext/default/config_ru.json/30fa9aaa1ce4356215376fee16c7e349.json"
            },
            {
              "CompressionType": "gzip",
              "DataType": "application/json",
              "DownloadTime": 32,
              "EventId": 399,
              "HttpStatus": 200,
              "Size": 709,
              "URL": "https://assets.msn.com/periconfigs/loc-configs/waterfallviewfeed/default/index.json/d86c2c76054c665241eb628fb1c85e78.json"
            },
            {
              "CompressionType": "gzip",
              "DataType": "application/json",
              "DownloadTime": 32,
              "EventId": 397,
              "HttpStatus": 200,
              "Size": 536,
              "URL": "https://assets.msn.com/periconfigs/feature-configs/commonsearchboxedgenext/default/config.json/1ed038649743534702f83bdf2b12ce4c.json"
            },
            {
              "CompressionType": "gzip",
              "DataType": "application/json",
              "DownloadTime": 31,
              "EventId": 395,
              "HttpStatus": 200,
              "Size": 5197,
              "URL": "https://assets.msn.com/periconfigs/feature-configs/waterfallviewfeed/default/index.json/1975e94b7365ce36e331c94b44f865f2.json"
            },
            {
              "CompressionType": "gzip",
              "DataType": "application/json",
              "DownloadTime": 31,
              "EventId": 393,
              "HttpStatus": 200,
              "Size": 712,
              "URL": "https://assets.msn.com/periconfigs/loc-configs/floatbuttongroupwc/default/index.json/51662eeb5a0e9195e5014861f46911ae.json"
            },
            {
              "CompressionType": "gzip",
              "DataType": "application/json",
              "DownloadTime": 47,
              "EventId": 391,
              "HttpStatus": 200,
              "Size": 155,
              "URL": "https://assets.msn.com/periconfigs/feature-configs/scrolldownbutton/default/index.json/b4fc870085bd8bb7fc97d3df197b1cca.json"
            },
            {
              "CompressionType": "gzip",
              "DataType": "application/json",
              "DownloadTime": 16,
              "EventId": 389,
              "HttpStatus": 200,
              "Size": 156,
              "URL": "https://assets.msn.com/periconfigs/feature-configs/floatbuttongroupwc/default/index.json/b031c45a02f3fe7ed213a29dc303e989.json"
            },
            {
              "CompressionType": "gzip",
              "DataType": "application/json",
              "DownloadTime": 47,
              "EventId": 387,
              "HttpStatus": 200,
              "Size": 700,
              "URL": "https://assets.msn.com/periconfigs/loc-configs/supernav/default/index.json/a00173d193331fc0ea16b802ad52a9c8.json"
            },
            {
              "CompressionType": "gzip",
              "DataType": "application/json",
              "DownloadTime": 32,
              "EventId": 385,
              "HttpStatus": 200,
              "Size": 706,
              "URL": "https://assets.msn.com/periconfigs/loc-configs/scrolldownbutton/default/index.json/3ef15953cd9ad3093dc402faef06fc29.json"
            },
            {
              "CompressionType": "gzip",
              "DataType": "application/json",
              "DownloadTime": 31,
              "EventId": 383,
              "HttpStatus": 200,
              "Size": 2788,
              "URL": "https://assets.msn.com/periconfigs/feature-configs/supernav/default/index.json/a13feee836e17041e70de49de1e1d074.json"
            },
            {
              "CompressionType": "gzip",
              "DataType": "application/json",
              "DownloadTime": 31,
              "EventId": 381,
              "HttpStatus": 200,
              "Size": 714,
              "URL": "https://assets.msn.com/periconfigs/loc-configs/commonsearchboxedgenext/default/index.json/5ff0790ccd1ceb24eb9e6789745e535f.json"
            },
            {
              "CompressionType": "gzip",
              "DataType": "application/json",
              "DownloadTime": 15,
              "EventId": 379,
              "HttpStatus": 200,
              "Size": 917,
              "URL": "https://assets.msn.com/periconfigs/feature-configs/commonsearchboxedgenext/default/index.json/90759195a6992db60916fced7ca52193.json"
            },
            {
              "CompressionType": "gzip",
              "DataType": "application/json",
              "DownloadTime": 47,
              "EventId": 377,
              "HttpStatus": 200,
              "Size": 37,
              "URL": "https://assets.msn.com/periconfigs/feature-configs/smartlistshareddata/default/config.json/4a48d9b48131eef49b36f865b07ebb16.json"
            },
            {
              "CompressionType": "gzip",
              "DataType": "application/json",
              "DownloadTime": 31,
              "EventId": 375,
              "HttpStatus": 200,
              "Size": 132,
              "URL": "https://assets.msn.com/periconfigs/loc-configs/nurturingplacementmanager/default/config_ru.json/65dbb4e408a5fb1610d7b092b11a4143.json"
            },
            {
              "CompressionType": "gzip",
              "DataType": "application/json",
              "DownloadTime": 47,
              "EventId": 373,
              "HttpStatus": 200,
              "Size": 183,
              "URL": "https://assets.msn.com/periconfigs/feature-configs/channeldata/default/config.json/b954aa8fbe384d81af5f9b09d99268a5.json"
            },
            {
              "CompressionType": "gzip",
              "DataType": "application/json",
              "DownloadTime": 15,
              "EventId": 371,
              "HttpStatus": 200,
              "Size": 547,
              "URL": "https://assets.msn.com/periconfigs/feature-configs/nurturingplacementmanager/default/config.json/74175da09a0b25fbc69a9229363168d2.json"
            },
            {
              "CompressionType": "gzip",
              "DataType": "application/json",
              "DownloadTime": 140,
              "EventId": 369,
              "HttpStatus": 200,
              "Size": 89,
              "URL": "https://assets.msn.com/periconfigs/feature-configs/smartlistshareddata/default/index.json/0ba4590a841ba960259ff23aa6c48357.json"
            },
            {
              "CompressionType": "gzip",
              "DataType": "application/json",
              "DownloadTime": 31,
              "EventId": 367,
              "HttpStatus": 200,
              "Size": 69,
              "URL": "https://assets.msn.com/periconfigs/feature-configs/backgrounddata/default/config.json/4536fedaade4daafeffeea668906a7cf.json"
            },
            {
              "CompressionType": "gzip",
              "DataType": "application/json",
              "DownloadTime": 16,
              "EventId": 365,
              "HttpStatus": 200,
              "Size": 68,
              "URL": "https://assets.msn.com/periconfigs/feature-configs/backgrounddata/default/config_ru-ru.json/52e9dd8c0fb32e6eaedc00475ba4c1de.json"
            },
            {
              "CompressionType": "gzip",
              "DataType": "application/json",
              "DownloadTime": 31,
              "EventId": 363,
              "HttpStatus": 200,
              "Size": 37,
              "URL": "https://assets.msn.com/periconfigs/feature-configs/topicdata/default/config.json/4a48d9b48131eef49b36f865b07ebb16.json"
            },
            {
              "CompressionType": "gzip",
              "DataType": "application/json",
              "DownloadTime": 31,
              "EventId": 361,
              "HttpStatus": 200,
              "Size": 37,
              "URL": "https://assets.msn.com/periconfigs/feature-configs/telemetrydataedgechromium/default/config.json/4a48d9b48131eef49b36f865b07ebb16.json"
            },
            {
              "CompressionType": "gzip",
              "DataType": "application/json",
              "DownloadTime": 31,
              "EventId": 359,
              "HttpStatus": 200,
              "Size": 154,
              "URL": "https://assets.msn.com/periconfigs/feature-configs/irisdata/default/config_adult.json/1b075e61ef08da5a4d1ac297e737afe1.json"
            },
            {
              "CompressionType": "gzip",
              "DataType": "application/json",
              "DownloadTime": 16,
              "EventId": 357,
              "HttpStatus": 200,
              "Size": 68,
              "URL": "https://assets.msn.com/periconfigs/feature-configs/irisdata/default/config_ru-ru.json/52e9dd8c0fb32e6eaedc00475ba4c1de.json"
            },
            {
              "CompressionType": "gzip",
              "DataType": "application/json",
              "DownloadTime": 32,
              "EventId": 355,
              "HttpStatus": 200,
              "Size": 227,
              "URL": "https://assets.msn.com/periconfigs/feature-configs/irisdata/default/config.json/35ac53cc8aa7f1fabedacb50108564d2.json"
            },
            {
              "CompressionType": "gzip",
              "DataType": "application/json",
              "DownloadTime": 47,
              "EventId": 353,
              "HttpStatus": 200,
              "Size": 37,
              "URL": "https://assets.msn.com/periconfigs/feature-configs/telemetrydata/default/config.json/4a48d9b48131eef49b36f865b07ebb16.json"
            },
            {
              "CompressionType": "gzip",
              "DataType": "application/json",
              "DownloadTime": 31,
              "EventId": 351,
              "HttpStatus": 200,
              "Size": 713,
              "URL": "https://assets.msn.com/periconfigs/loc-configs/nurturingplacementmanager/default/index.json/96f798cc3620accf9dd987a2ef794581.json"
            },
            {
              "CompressionType": "gzip",
              "DataType": "application/json",
              "DownloadTime": 47,
              "EventId": 349,
              "HttpStatus": 200,
              "Size": 80,
              "URL": "https://assets.msn.com/periconfigs/feature-configs/channeldata/default/index.json/685a818462b0a40ca38c3a876390e679.json"
            },
            {
              "CompressionType": "gzip",
              "DataType": "application/json",
              "DownloadTime": 15,
              "EventId": 347,
              "HttpStatus": 200,
              "Size": 260,
              "URL": "https://assets.msn.com/periconfigs/feature-configs/nurturingplacementmanager/default/index.json/ea740d5396560b84d56047ff57669336.json"
            },
            {
              "CompressionType": "gzip",
              "DataType": "application/json",
              "DownloadTime": 32,
              "EventId": 345,
              "HttpStatus": 200,
              "Size": 133,
              "URL": "https://assets.msn.com/periconfigs/feature-configs/backgrounddata/default/index.json/78fa9f6b79504824d47807c4c8922914.json"
            },
            {
              "CompressionType": "gzip",
              "DataType": "application/json",
              "DownloadTime": 32,
              "EventId": 343,
              "HttpStatus": 200,
              "Size": 122,
              "URL": "https://assets.msn.com/periconfigs/feature-configs/topicdata/default/index.json/e28f3538f030c58a157e6a822b7eb69a.json"
            },
            {
              "CompressionType": "gzip",
              "DataType": "application/json",
              "DownloadTime": 31,
              "EventId": 341,
              "HttpStatus": 200,
              "Size": 95,
              "URL": "https://assets.msn.com/periconfigs/feature-configs/telemetrydataedgechromium/default/index.json/3b178c67f28066d38c6b505be61f499a.json"
            },
            {
              "CompressionType": "gzip",
              "DataType": "application/json",
              "DownloadTime": 31,
              "EventId": 339,
              "HttpStatus": 200,
              "Size": 413,
              "URL": "https://assets.msn.com/periconfigs/feature-configs/irisdata/default/index.json/bfa1837e21b67d5bb6a56ed08491515b.json"
            },
            {
              "CompressionType": "gzip",
              "DataType": "application/json",
              "DownloadTime": 31,
              "EventId": 337,
              "HttpStatus": 200,
              "Size": 83,
              "URL": "https://assets.msn.com/periconfigs/feature-configs/telemetrydata/default/index.json/ae312c156b9f8361fc0b5d46204b924f.json"
            },
            {
              "CompressionType": "gzip",
              "DataType": "application/json",
              "DownloadTime": 15,
              "EventId": 335,
              "HttpStatus": 200,
              "Size": 110,
              "URL": "https://assets.msn.com/periconfigs/feature-configs/appconfig/default/config.json/e775828d82978d77d8a66f407cbe63a8.json"
            },
            {
              "CompressionType": "gzip",
              "DataType": "application/json",
              "DownloadTime": 16,
              "EventId": 333,
              "HttpStatus": 200,
              "Size": 75,
              "URL": "https://assets.msn.com/periconfigs/feature-configs/appconfig/default/index.json/f4484a52f96293af07702b096389c42f.json"
            },
            {
              "CompressionType": "gzip",
              "DataType": "application/json",
              "DownloadTime": 31,
              "EventId": 331,
              "HttpStatus": 200,
              "Size": 452,
              "URL": "https://assets.msn.com/periconfigs/feature-configs/experiencetrackeredgenextdata/default/config.json/13025e4dde23b00c612caa925af766d0.json"
            },
            {
              "CompressionType": "gzip",
              "DataType": "application/json",
              "DownloadTime": 32,
              "EventId": 329,
              "HttpStatus": 200,
              "Size": 594,
              "URL": "https://assets.msn.com/periconfigs/feature-configs/experiencetrackeredgenextdata/default/index.json/46a791902057a97ae289cb798e18bbd6.json"
            },
            {
              "CompressionType": "gzip",
              "DataType": "application/json",
              "DownloadTime": 32,
              "EventId": 325,
              "HttpStatus": 200,
              "Size": 86,
              "URL": "https://assets.msn.com/periconfigs/feature-configs/chromiumpagesettings/default/config_ru-ru.json/6a369713e9fc9d1e804bb413abbf8395.json"
            },
            {
              "CompressionType": "gzip",
              "DataType": "application/json",
              "DownloadTime": 32,
              "EventId": 323,
              "HttpStatus": 200,
              "Size": 162,
              "URL": "https://assets.msn.com/periconfigs/feature-configs/chromiumpagesettings/default/config.json/1355d382645a55c44e5c364c21527462.json"
            },
            {
              "CompressionType": "gzip",
              "DataType": "application/json",
              "DownloadTime": 31,
              "EventId": 321,
              "HttpStatus": 200,
              "Size": 581,
              "URL": "https://assets.msn.com/periconfigs/feature-configs/chromiumpagesettings/default/index.json/896542d25ef45a918dc4567fecdbcfbc.json"
            },
            {
              "CompressionType": "gzip",
              "DataType": "application/json",
              "DownloadTime": 32,
              "EventId": 315,
              "HttpStatus": 200,
              "Size": 67,
              "URL": "https://assets.msn.com/periconfigs/feature-configs/edgechromiumpagewc/default/config_prg-ad-safe.json/74c1904b8c027abe4940f4d2615bf026.json"
            },
            {
              "CompressionType": "gzip",
              "DataType": "application/json",
              "DownloadTime": 16,
              "EventId": 313,
              "HttpStatus": 200,
              "Size": 1747,
              "URL": "https://assets.msn.com/periconfigs/loc-configs/edgechromiumpagewc/default/config_ru.json/d32f72868688dfb8bd94b7f74ab5ed1b.json"
            },
            {
              "CompressionType": "gzip",
              "DataType": "application/json",
              "DownloadTime": 16,
              "EventId": 311,
              "HttpStatus": 200,
              "Size": 68,
              "URL": "https://assets.msn.com/periconfigs/feature-configs/edgechromiumpagewc/default/config_prg-cscmc.json/dda08814af2f79192b78245d9ebf86a4.json"
            },
            {
              "CompressionType": "gzip",
              "DataType": "application/json",
              "DownloadTime": 31,
              "EventId": 309,
              "HttpStatus": 200,
              "Size": 62,
              "URL": "https://assets.msn.com/periconfigs/feature-configs/edgechromiumpagewc/default/config_ru-ru_adult.json/a29fe3e72b1def41589b95995a6c5f14.json"
            },
            {
              "CompressionType": "gzip",
              "DataType": "application/json",
              "DownloadTime": 31,
              "EventId": 299,
              "HttpStatus": 200,
              "Size": 213,
              "URL": "https://assets.msn.com/periconfigs/feature-configs/edgechromiumpagewc/default/config_adult.json/7368a087f8a73c1ee69997a2abff2f6b.json"
            },
            {
              "CompressionType": "gzip",
              "DataType": "application/json",
              "DownloadTime": 15,
              "EventId": 297,
              "HttpStatus": 200,
              "Size": 361,
              "URL": "https://assets.msn.com/periconfigs/feature-configs/edgechromiumpagewc/default/config_ru-ru.json/200b1e1265dcd670decdfa897b26920b.json"
            },
            {
              "CompressionType": "gzip",
              "DataType": "application/json",
              "DownloadTime": 31,
              "EventId": 293,
              "HttpStatus": 200,
              "Size": 1387,
              "URL": "https://assets.msn.com/periconfigs/feature-configs/edgechromiumpagewc/default/config.json/e58c0b84dd954e874d0221716233dacb.json"
            },
            {
              "CompressionType": "gzip",
              "DataType": "application/json",
              "DownloadTime": 32,
              "EventId": 286,
              "HttpStatus": 200,
              "Size": 722,
              "URL": "https://assets.msn.com/periconfigs/loc-configs/edgechromiumpagewc/default/index.json/b7fd6413fc7b29b7edbc1da46bdc606e.json"
            },
            {
              "CompressionType": "gzip",
              "DataType": "application/json",
              "DownloadTime": 31,
              "EventId": 284,
              "HttpStatus": 200,
              "Size": 3766,
              "URL": "https://assets.msn.com/periconfigs/feature-configs/edgechromiumpagewc/default/index.json/b3a0e3d54618f1c0584f8cca4311a3eb.json"
            },
            {
              "CompressionType": "gzip",
              "DataType": "application/json",
              "DownloadTime": 47,
              "EventId": 259,
              "HttpStatus": 200,
              "Size": 250310,
              "URL": "https://assets.msn.com/periconfigs/loc-manifests/edgechromium/20240702.429.json"
            },
            {
              "CompressionType": "gzip",
              "DataType": "application/json",
              "DownloadTime": 32,
              "EventId": 232,
              "HttpStatus": 200,
              "Size": 99144,
              "URL": "https://assets.msn.com/periconfigs/feature-manifests/edgechromium/20240702.429.json"
            },
            {
              "CompressionType": "gzip",
              "DataType": "image/x-icon",
              "DownloadTime": 63,
              "EventId": 227,
              "HttpStatus": 200,
              "Size": 0,
              "URL": "https://assets.msn.com/statics/icons/favicon.ico"
            }
          ],
          "SSLCipher": "TLS_AES_256_GCM_SHA384",
          "SSLVersion": "TLS1.3"
        }
      ],
      "IncludeInScript": true
    },
    {
      "DomainName": "microsoft.com",
      "Domains": [
        {
          "HTTPVersion": "HTTP/1.1",
          "IP": "20.189.173.21",
          "IncludeInScript": false,
          "Name": "nw-umwatson.events.data.microsoft.com",
          "Port": 443,
          "Requests": [
            {
              "CompressionType": "",
              "DataType": "text/xml",
              "DownloadTime": 703,
              "EventId": 13,
              "HttpStatus": 200,
              "Size": 634,
              "URL": "https://nw-umwatson.events.data.microsoft.com/Telemetry.Request"
            }
          ],
          "SSLCipher": "TLS_AES_256_GCM_SHA384",
          "SSLVersion": "TLS1.3"
        },
        {
          "HTTPVersion": "HTTP/1.1",
          "IP": "2.21.189.164",
          "IncludeInScript": false,
          "Name": "go.microsoft.com",
          "Port": 443,
          "Requests": [
            {
              "CompressionType": "",
              "DataType": "",
              "DownloadTime": 31,
              "EventId": 174,
              "HttpStatus": 302,
              "Size": 0,
              "URL": "https://go.microsoft.com/fwlink/?linkid=2133855&bucket=72"
            }
          ],
          "SSLCipher": "TLS_AES_256_GCM_SHA384",
          "SSLVersion": "TLS1.3"
        },
        {
          "HTTPVersion": "HTTP/1.1",
          "IP": "13.107.21.239",
          "IncludeInScript": false,
          "Name": "edge.microsoft.com",
          "Port": 443,
          "Requests": [
            {
              "CompressionType": "",
              "DataType": "application/json",
              "DownloadTime": 94,
              "EventId": 841,
              "HttpStatus": 200,
              "Size": 213,
              "URL": "https://edge.microsoft.com/autofillservice/core/fieldPredictions"
            },
            {
              "CompressionType": "",
              "DataType": "application/json",
              "DownloadTime": 63,
              "EventId": 731,
              "HttpStatus": 200,
              "Size": 885,
              "URL": "https://edge.microsoft.com/autofillservice/core/page/3693946771987704403/-7879512154294616926"
            },
            {
              "CompressionType": "gzip",
              "DataType": "application/json",
              "DownloadTime": 78,
              "EventId": 702,
              "HttpStatus": 200,
              "Size": 180,
              "URL": "https://edge.microsoft.com/componentupdater/api/v1/update"
            },
            {
              "CompressionType": "",
              "DataType": "application/json",
              "DownloadTime": 46,
              "EventId": 700,
              "HttpStatus": 200,
              "Size": 297,
              "URL": "https://edge.microsoft.com/autofillservice/core/page/3693946771987704403/-6826203261018016368"
            },
            {
              "CompressionType": "gzip",
              "DataType": "application/json",
              "DownloadTime": 63,
              "EventId": 641,
              "HttpStatus": 200,
              "Size": 179,
              "URL": "https://edge.microsoft.com/componentupdater/api/v1/update"
            },
            {
              "CompressionType": "gzip",
              "DataType": "application/json",
              "DownloadTime": 63,
              "EventId": 470,
              "HttpStatus": 200,
              "Size": 178,
              "URL": "https://edge.microsoft.com/componentupdater/api/v1/update"
            },
            {
              "CompressionType": "",
              "DataType": "",
              "DownloadTime": 94,
              "EventId": 468,
              "HttpStatus": 404,
              "Size": 0,
              "URL": "https://edge.microsoft.com/favicon/v1?client=chrome_desktop&nfrp=2&check_seen=true&size=32&min_size=16&max_size=256&fallback_opts=TYPE,SIZE,URL&url=http://localhost:1080/WebTours/home.html&origin=NtpIconSource"
            },
            {
              "CompressionType": "gzip",
              "DataType": "application/x-protobuf",
              "DownloadTime": 47,
              "EventId": 437,
              "HttpStatus": 200,
              "Size": 49,
              "URL": "https://edge.microsoft.com/extensionrevocation/v1/threatListUpdates:fetch?req=ChcKBm1zZWRnZRINMTI2LjAuMjU5Mi44MRobCAEQCBoNMTcxOTk4ODI5MDA0MCIEIAEgAigEIgIIAQ==&ct=application/x-protobuf&key=d414dd4f9db345fa8003e32adc81b362"
            },
            {
              "CompressionType": "",
              "DataType": "application/json",
              "DownloadTime": 78,
              "EventId": 327,
              "HttpStatus": 200,
              "Size": 213,
              "URL": "https://edge.microsoft.com/autofillservice/core/fieldPredictions"
            },
            {
              "CompressionType": "",
              "DataType": "application/json",
              "DownloadTime": 32,
              "EventId": 288,
              "HttpStatus": 200,
              "Size": 423,
              "URL": "https://edge.microsoft.com/autofillservice/core/page/3693946771987704403/-146237828745445460"
            },
            {
              "CompressionType": "br",
              "DataType": "application/xml",
              "DownloadTime": 62,
              "EventId": 222,
              "HttpStatus": 304,
              "Size": 0,
              "URL": "https://edge.microsoft.com/neededge/v1?bucket=72"
            },
            {
              "CompressionType": "gzip",
              "DataType": "application/json",
              "DownloadTime": 62,
              "EventId": 176,
              "HttpStatus": 200,
              "Size": 1864,
              "URL": "https://edge.microsoft.com/componentupdater/api/v1/update?cup2key=7:5txSXejJmrreW1ZXZ2YDyugZv6N1XV7XHO--odolzWQ&cup2hreq=a3a663d8d41ef6e3c08b5834a1e286256d5e79f57323d9e3987facd781011d1f"
            },
            {
              "CompressionType": "",
              "DataType": "application/json",
              "DownloadTime": 62,
              "EventId": 120,
              "HttpStatus": 200,
              "Size": 172,
              "URL": "https://edge.microsoft.com/serviceexperimentation/v3/?osname=win&channel=stable&osver=10.0.19045&devicefamily=desktop&installdate=1683977595&clientversion=126.0.2592.81&experimentationmode=2&scpguard=0&scpfull=0&scpver=0"
            },
            {
              "CompressionType": "",
              "DataType": "text/xml",
              "DownloadTime": 63,
              "EventId": 50,
              "HttpStatus": 200,
              "Size": 538,
              "URL": "https://edge.microsoft.com/extensionwebstorebase/v1/crx?os=win&arch=x64&os_arch=x86_64&nacl_arch=x86-64&prod=edgecrx&prodchannel=&prodversion=126.0.2592.81&lang=ru&acceptformat=crx3,puff&x=id%3Djmjflgjpcpepeafmmgdpfkogkghcpiha%26v%3D1.2.1%26installedby%3Dother%26uc&x=id%3Dndcileolkflehcjpmjnfbnaibdcgglog%26v%3D6.4.0%26installedby%3Dinternal%26uc"
            },
            {
              "CompressionType": "gzip",
              "DataType": "application/json",
              "DownloadTime": 47,
              "EventId": 48,
              "HttpStatus": 304,
              "Size": 0,
              "URL": "https://edge.microsoft.com/abusiveadblocking/api/v1/blocklist"
            }
          ],
          "SSLCipher": "ECDHE-RSA-AES256-GCM-SHA384",
          "SSLVersion": "TLS1.2"
        },
        {
          "HTTPVersion": "HTTP/1.1",
          "IP": "13.107.6.158",
          "IncludeInScript": false,
          "Name": "edge-http.microsoft.com",
          "Port": 80,
          "Requests": [
            {
              "CompressionType": "",
              "DataType": "",
              "DownloadTime": 109,
              "EventId": 137,
              "HttpStatus": 204,
              "Size": 0,
              "URL": "http://edge-http.microsoft.com/captiveportal/generate_204"
            }
          ],
          "SSLCipher": "None",
          "SSLVersion": "None"
        }
      ],
      "IncludeInScript": true
    },
    {
      "DomainName": "localhost",
      "Domains": [
        {
          "HTTPVersion": "HTTP/1.1",
          "IP": "[::1]",
          "IncludeInScript": true,
          "Name": "localhost",
          "Port": 1080,
          "Requests": [
            {
              "CompressionType": "",
              "DataType": "text/html",
              "DownloadTime": 63,
              "EventId": 835,
              "HttpStatus": 200,
              "Size": 1725,
              "URL": "http://localhost:1080/cgi-bin/nav.pl?in=home"
            },
            {
              "CompressionType": "",
              "DataType": "",
              "DownloadTime": 0,
              "EventId": 833,
              "HttpStatus": 304,
              "Size": 0,
              "URL": "http://localhost:1080/WebTours/home.html"
            },
            {
              "CompressionType": "",
              "DataType": "text/html",
              "DownloadTime": 63,
              "EventId": 813,
              "HttpStatus": 200,
              "Size": 946,
              "URL": "http://localhost:1080/cgi-bin/welcome.pl?signOff=1"
            },
            {
              "CompressionType": "",
              "DataType": "text/html",
              "DownloadTime": 62,
              "EventId": 803,
              "HttpStatus": 200,
              "Size": 1126,
              "URL": "http://localhost:1080/cgi-bin/itinerary.pl"
            },
            {
              "CompressionType": "",
              "DataType": "image/gif",
              "DownloadTime": 16,
              "EventId": 799,
              "HttpStatus": 200,
              "Size": 742,
              "URL": "http://localhost:1080/WebTours/images/cancelallreservations.gif"
            },
            {
              "CompressionType": "",
              "DataType": "image/gif",
              "DownloadTime": 0,
              "EventId": 797,
              "HttpStatus": 200,
              "Size": 831,
              "URL": "http://localhost:1080/WebTours/images/cancelreservation.gif"
            },
            {
              "CompressionType": "",
              "DataType": "image/gif",
              "DownloadTime": 47,
              "EventId": 788,
              "HttpStatus": 200,
              "Size": 733,
              "URL": "http://localhost:1080/WebTours/images/in_itinerary.gif"
            },
            {
              "CompressionType": "",
              "DataType": "text/html",
              "DownloadTime": 78,
              "EventId": 784,
              "HttpStatus": 200,
              "Size": 2930,
              "URL": "http://localhost:1080/cgi-bin/itinerary.pl"
            },
            {
              "CompressionType": "",
              "DataType": "text/html",
              "DownloadTime": 47,
              "EventId": 772,
              "HttpStatus": 200,
              "Size": 1742,
              "URL": "http://localhost:1080/cgi-bin/nav.pl?page=menu&in=itinerary"
            },
            {
              "CompressionType": "",
              "DataType": "text/html",
              "DownloadTime": 47,
              "EventId": 752,
              "HttpStatus": 200,
              "Size": 851,
              "URL": "http://localhost:1080/cgi-bin/welcome.pl?page=itinerary"
            },
            {
              "CompressionType": "",
              "DataType": "image/gif",
              "DownloadTime": 31,
              "EventId": 748,
              "HttpStatus": 200,
              "Size": 806,
              "URL": "http://localhost:1080/WebTours/images/bookanother.gif"
            },
            {
              "CompressionType": "",
              "DataType": "text/html",
              "DownloadTime": 79,
              "EventId": 740,
              "HttpStatus": 200,
              "Size": 2809,
              "URL": "http://localhost:1080/cgi-bin/reservations.pl"
            },
            {
              "CompressionType": "",
              "DataType": "text/html",
              "DownloadTime": 78,
              "EventId": 723,
              "HttpStatus": 200,
              "Size": 2975,
              "URL": "http://localhost:1080/cgi-bin/reservations.pl"
            },
            {
              "CompressionType": "",
              "DataType": "text/html",
              "DownloadTime": 79,
              "EventId": 711,
              "HttpStatus": 200,
              "Size": 3853,
              "URL": "http://localhost:1080/cgi-bin/reservations.pl"
            },
            {
              "CompressionType": "",
              "DataType": "image/gif",
              "DownloadTime": 32,
              "EventId": 698,
              "HttpStatus": 200,
              "Size": 758,
              "URL": "http://localhost:1080/WebTours/images/button_next.gif"
            },
            {
              "CompressionType": "",
              "DataType": "image/gif",
              "DownloadTime": 31,
              "EventId": 696,
              "HttpStatus": 200,
              "Size": 726,
              "URL": "http://localhost:1080/WebTours/images/in_flights.gif"
            },
            {
              "CompressionType": "",
              "DataType": "text/html",
              "DownloadTime": 94,
              "EventId": 694,
              "HttpStatus": 200,
              "Size": 4506,
              "URL": "http://localhost:1080/cgi-bin/reservations.pl?page=welcome"
            },
            {
              "CompressionType": "",
              "DataType": "image/gif",
              "DownloadTime": 0,
              "EventId": 692,
              "HttpStatus": 200,
              "Size": 688,
              "URL": "http://localhost:1080/WebTours/images/home.gif"
            },
            {
              "CompressionType": "",
              "DataType": "text/html",
              "DownloadTime": 62,
              "EventId": 690,
              "HttpStatus": 200,
              "Size": 1742,
              "URL": "http://localhost:1080/cgi-bin/nav.pl?page=menu&in=flights"
            },
            {
              "CompressionType": "",
              "DataType": "text/html",
              "DownloadTime": 47,
              "EventId": 672,
              "HttpStatus": 200,
              "Size": 876,
              "URL": "http://localhost:1080/cgi-bin/welcome.pl?page=search"
            },
            {
              "CompressionType": "",
              "DataType": "image/gif",
              "DownloadTime": 31,
              "EventId": 660,
              "HttpStatus": 200,
              "Size": 751,
              "URL": "http://localhost:1080/WebTours/images/signoff.gif"
            },
            {
              "CompressionType": "",
              "DataType": "image/gif",
              "DownloadTime": 16,
              "EventId": 658,
              "HttpStatus": 200,
              "Size": 688,
              "URL": "http://localhost:1080/WebTours/images/in_home.gif"
            },
            {
              "CompressionType": "",
              "DataType": "image/gif",
              "DownloadTime": 0,
              "EventId": 656,
              "HttpStatus": 200,
              "Size": 733,
              "URL": "http://localhost:1080/WebTours/images/itinerary.gif"
            },
            {
              "CompressionType": "",
              "DataType": "image/gif",
              "DownloadTime": 0,
              "EventId": 654,
              "HttpStatus": 200,
              "Size": 726,
              "URL": "http://localhost:1080/WebTours/images/flights.gif"
            },
            {
              "CompressionType": "",
              "DataType": "text/html",
              "DownloadTime": 63,
              "EventId": 643,
              "HttpStatus": 200,
              "Size": 1177,
              "URL": "http://localhost:1080/cgi-bin/login.pl?intro=true"
            },
            {
              "CompressionType": "",
              "DataType": "text/html",
              "DownloadTime": 62,
              "EventId": 633,
              "HttpStatus": 200,
              "Size": 1742,
              "URL": "http://localhost:1080/cgi-bin/nav.pl?page=menu&in=home"
            },
            {
              "CompressionType": "",
              "DataType": "text/html",
              "DownloadTime": 94,
              "EventId": 611,
              "HttpStatus": 200,
              "Size": 720,
              "URL": "http://localhost:1080/cgi-bin/login.pl"
            },
            {
              "CompressionType": "",
              "DataType": "text/html",
              "DownloadTime": 16,
              "EventId": 230,
              "HttpStatus": 404,
              "Size": 209,
              "URL": "http://localhost:1080/favicon.ico"
            },
            {
              "CompressionType": "",
              "DataType": "image/gif",
              "DownloadTime": 16,
              "EventId": 187,
              "HttpStatus": 200,
              "Size": 679,
              "URL": "http://localhost:1080/WebTours/images/mer_login.gif"
            },
            {
              "CompressionType": "",
              "DataType": "text/html",
              "DownloadTime": 47,
              "EventId": 172,
              "HttpStatus": 200,
              "Size": 1600,
              "URL": "http://localhost:1080/WebTours/home.html"
            },
            {
              "CompressionType": "",
              "DataType": "text/html",
              "DownloadTime": 78,
              "EventId": 159,
              "HttpStatus": 200,
              "Size": 1729,
              "URL": "http://localhost:1080/cgi-bin/nav.pl?in=home"
            },
            {
              "CompressionType": "",
              "DataType": "image/png",
              "DownloadTime": 16,
              "EventId": 153,
              "HttpStatus": 200,
              "Size": 4187,
              "URL": "http://localhost:1080/WebTours/images/webtours.png"
            },
            {
              "CompressionType": "",
              "DataType": "text/html",
              "DownloadTime": 109,
              "EventId": 139,
              "HttpStatus": 200,
              "Size": 946,
              "URL": "http://localhost:1080/cgi-bin/welcome.pl?signOff=true"
            },
            {
              "CompressionType": "",
              "DataType": "image/png",
              "DownloadTime": 15,
              "EventId": 135,
              "HttpStatus": 200,
              "Size": 601,
              "URL": "http://localhost:1080/WebTours/images/hp_logo.png"
            },
            {
              "CompressionType": "",
              "DataType": "text/html",
              "DownloadTime": 15,
              "EventId": 133,
              "HttpStatus": 200,
              "Size": 949,
              "URL": "http://localhost:1080/WebTours/header.html"
            },
            {
              "CompressionType": "",
              "DataType": "text/html",
              "DownloadTime": 31,
              "EventId": 17,
              "HttpStatus": 200,
              "Size": 605,
              "URL": "http://localhost:1080/WebTours/"
            }
          ],
          "SSLCipher": "None",
          "SSLVersion": "None"
        }
      ],
      "IncludeInScript": true
    },
    {
      "DomainName": "bing.com",
      "Domains": [
        {
          "HTTPVersion": "HTTP/1.1",
          "IP": "2.16.56.135",
          "IncludeInScript": false,
          "Name": "www.bing.com",
          "Port": 443,
          "Requests": [
            {
              "CompressionType": "",
              "DataType": "application/json",
              "DownloadTime": 282,
              "EventId": 62,
              "HttpStatus": 200,
              "Size": 854819,
              "URL": "https://www.bing.com/bloomfilterfiles/ExpandedDomainsFilterGlobal.json"
            },
            {
              "CompressionType": "gzip",
              "DataType": "application/json",
              "DownloadTime": 94,
              "EventId": 52,
              "HttpStatus": 200,
              "Size": 28,
              "URL": "https://www.bing.com/api/shopping/v1/user/shoppingsettings"
            },
            {
              "CompressionType": "gzip",
              "DataType": "application/json",
              "DownloadTime": 78,
              "EventId": 34,
              "HttpStatus": 200,
              "Size": 28,
              "URL": "https://www.bing.com/api/shopping/v1/user/shoppingsettings"
            }
          ],
          "SSLCipher": "TLS_AES_256_GCM_SHA384",
          "SSLVersion": "TLS1.3"
        },
        {
          "HTTPVersion": "HTTP/1.1",
          "IP": "13.107.6.158",
          "IncludeInScript": false,
          "Name": "business.bing.com",
          "Port": 443,
          "Requests": [
            {
              "CompressionType": "",
              "DataType": "",
              "DownloadTime": 265,
              "EventId": 635,
              "HttpStatus": 401,
              "Size": 0,
              "URL": "https://business.bing.com/api/v1/user/token/microsoftgraph?&clienttype=edge-omnibox"
            },
            {
              "CompressionType": "br",
              "DataType": "application/json",
              "DownloadTime": 187,
              "EventId": 631,
              "HttpStatus": 401,
              "Size": 382,
              "URL": "https://business.bing.com/work/api/v2/tenant/my/settingswithflights?&clienttype=edge-omnibox"
            }
          ],
          "SSLCipher": "",
          "SSLVersion": ""
        }
      ],
      "IncludeInScript": true
    }
  ],
  "WebSocket": {
    "IncludeInScript": false,
    "IsScriptIncludeWebSocket": false
  },
  "NumberOfCorrelations": 4
}