{"OutputFileHashSum":"018DF86DC941F0154240401223C728F887D41CECED965F6753CEE8C0AAA16E6F","Converted":true,"OutputModifyDate":"2024-07-03T10:30:04.2621005Z","Metadatas":[{"CategoryName":"VuGen.Replay","Offset":468,"Length":54,"TypeId":3},{"CategoryName":"VuGen.Replay","Offset":6380,"Length":113,"TypeId":3},{"CategoryName":"VuGen.Replay","Offset":6538,"Length":23,"TypeId":1},{"CategoryName":"VuGen.Replay","Offset":6561,"Length":226,"TypeId":4},{"CategoryName":"VuGen.Replay","Offset":6890,"Length":74,"TypeId":3},{"CategoryName":"VuGen.Replay","Offset":9350,"Length":187,"TypeId":2},{"CategoryName":"VuGen.Replay","Offset":9707,"Length":133,"TypeId":3},{"CategoryName":"VuGen.Replay","Offset":9840,"Length":90,"TypeId":5},{"CategoryName":"VuGen.Replay","Offset":9953,"Length":21,"TypeId":1},{"CategoryName":"VuGen.Replay","Offset":10019,"Length":54,"TypeId":3},{"CategoryName":"VuGen.Replay","Offset":11019,"Length":112,"TypeId":3}],"MetadataTypes":[{"CategoryName":"VuGen.Replay","MetadataTypeName":"HP.LR.Vugen.Iteration","Id":1},{"CategoryName":"VuGen.Replay","MetadataTypeName":"Utt.Debugger.Error","Id":2},{"CategoryName":"VuGen.Replay","MetadataTypeName":"HP.LR.Vugen.NotifyTransaction","Id":3},{"CategoryName":"VuGen.Replay","MetadataTypeName":"Utt.Debugger.Warning","Id":4},{"CategoryName":"VuGen.Replay","MetadataTypeName":"HP.LR.Vugen.NotifyAny","Id":5}]}