[
    {
        "actionName": "Action",
        "steps": [
            {
                "stepId": "STEP1",
                "stepName": "Url: WebTours",
                "infFile": "t1.inf",
                "time": 1720214224405
            },
            {
                "stepId": "STEP2",
                "stepName": "Submit Form: login.pl",
                "infFile": "t2.inf",
                "time": 1720214224744
            },
            {
                "stepId": "STEP3",
                "stepName": "Image: Itinerary Button",
                "infFile": "t3.inf",
                "time": 1720214225025
            },
            {
                "stepId": "STEP4",
                "stepName": "Image: SignOff Button",
                "infFile": "t4.inf",
                "time": 1720214225214
            }
        ],
        "transactions": [
            {
                "transactionName": "login",
                "rawStartTime": 1720214223998,
                "rawEndTime": 1720214224780,
                "thinkTime": 0.0,
                "wastedTime": 0.10852360725402832
            },
            {
                "transactionName": "Cancel_reservation",
                "rawStartTime": 1720214224796,
                "rawEndTime": 1720214225064,
                "thinkTime": 0.0,
                "wastedTime": 0.005340576171875
            },
            {
                "transactionName": "logout",
                "rawStartTime": 1720214225079,
                "rawEndTime": 1720214225220,
                "thinkTime": 0.0,
                "wastedTime": 0.0040378570556640629
            }
        ]
    }
]