{"OutputFileHashSum":"919DD42240F6C8E983C7E2465DC812EB7E27484E4D0495992E4BE1650889DDA2","Converted":true,"OutputModifyDate":"2024-07-05T21:17:05.262712Z","Metadatas":[{"CategoryName":"VuGen.Replay","Offset":497,"Length":23,"TypeId":1},{"CategoryName":"VuGen.Replay","Offset":623,"Length":51,"TypeId":2},{"CategoryName":"VuGen.Replay","Offset":6324,"Length":110,"TypeId":2},{"CategoryName":"VuGen.Replay","Offset":6434,"Length":65,"TypeId":2},{"CategoryName":"VuGen.Replay","Offset":8007,"Length":123,"TypeId":2},{"CategoryName":"VuGen.Replay","Offset":8130,"Length":53,"TypeId":2},{"CategoryName":"VuGen.Replay","Offset":9115,"Length":111,"TypeId":2},{"CategoryName":"VuGen.Replay","Offset":9249,"Length":21,"TypeId":1}],"MetadataTypes":[{"CategoryName":"VuGen.Replay","MetadataTypeName":"HP.LR.Vugen.Iteration","Id":1},{"CategoryName":"VuGen.Replay","MetadataTypeName":"HP.LR.Vugen.NotifyTransaction","Id":2},{"CategoryName":"VuGen.Replay","MetadataTypeName":"Utt.Debugger.Error","Id":3},{"CategoryName":"VuGen.Replay","MetadataTypeName":"HP.LR.Vugen.NotifyAny","Id":4}]}