<?xml version="1.0" encoding="utf-8"?>
<VugenScriptMetadata>
  <ScriptName>LoginViewTiketLogout</ScriptName>
  <Protocol>Web - HTTP/HTML</Protocol>
  <ActionFiles>
    <FileEntry Name="vuser_init.c" Filter="2" />
    <FileEntry Name="Action.c" Filter="2" />
    <FileEntry Name="vuser_end.c" Filter="2" />
  </ActionFiles>
  <GeneralFiles>
    <FileEntry Name="LoginViewTiketLogout.usr" Filter="4" />
    <FileEntry Name="default.cfg" Filter="4" />
    <FileEntry Name="default.usp" Filter="4" />
    <FileEntry Name="LoginViewTiketLogout.prm" Filter="2" />
    <FileEntry Name="globals.h" Filter="2" />
    <FileEntry Name="combined_LoginViewTiketLogout.c" Filter="2" />
    <FileEntry Name="pre_cci.c" Filter="2" />
    <FileEntry Name="201423007440.idx" Filter="1" />
    <FileEntry Name="Bookmarks.xml" Filter="1" />
    <FileEntry Name="Breakpoints.xml" Filter="1" />
    <FileEntry Name="CompilerLogMetadata.xml" Filter="1" />
    <FileEntry Name="custom_body_variables.txt" Filter="1" />
    <FileEntry Name="logfile.log" Filter="1" />
    <FileEntry Name="LoginViewTiketLogout.c.pickle" Filter="1" />
    <FileEntry Name="LoginViewTiketLogout.ci" Filter="1" />
    <FileEntry Name="LoginViewTiketLogout.prm.bak" Filter="1" />
    <FileEntry Name="lrw_custom_body.h" Filter="1" />
    <FileEntry Name="mdrv.log" Filter="1" />
    <FileEntry Name="mdrv4UC.713.log" Filter="1" />
    <FileEntry Name="mdrvbnD.773.log" Filter="1" />
    <FileEntry Name="mdrveqv.415.log" Filter="1" />
    <FileEntry Name="mdrvrAw.941.log" Filter="1" />
    <FileEntry Name="mdrvrk7.91.log" Filter="1" />
    <FileEntry Name="mdrvtH7.597.log" Filter="1" />
    <FileEntry Name="mdrvtTK.517.log" Filter="1" />
    <FileEntry Name="mdrvUGC.533.log" Filter="1" />
    <FileEntry Name="mdrvxnt.95.log" Filter="1" />
    <FileEntry Name="mdrv_cmd.txt" Filter="1" />
    <FileEntry Name="options.txt" Filter="1" />
    <FileEntry Name="output.bak" Filter="1" />
    <FileEntry Name="output.txt" Filter="1" />
    <FileEntry Name="OutputColoringDatabase.json" Filter="1" />
    <FileEntry Name="ReplaySummaryReport.xml" Filter="1" />
    <FileEntry Name="ScriptUploadMetadata.xml" Filter="1" />
    <FileEntry Name="ThumbnailsCache.tmp" Filter="1" />
    <FileEntry Name="TransactionsData.db" Filter="1" />
    <FileEntry Name="UserTasks.xml" Filter="1" />
    <FileEntry Name="data\" Filter="1" />
    <FileEntry Name="result1\" Filter="1" />
  </GeneralFiles>
</VugenScriptMetadata>